好きなスポーツの一つが水泳です。水泳は、自分が泳ぐのも好きですが観るのも大好きです。好きな理由は、スピーディーな展開で前半から後半にかけて各選手がデットヒートを繰り広げる展開がとても面白いからです。残り数メートルでの逆転など、最後まで気を抜く事が出来ない展開が面白いところです。選手の日頃の練習の成果が思いっきり出る競技のため、選手がどれだけ努力したか良く分かるところが魅力でもあります。そんな、水泳で好きな選手は入江選手です。背泳ぎのオリンピック銀メダリストで現在でも、活躍されており東京オリンピックでもメダルが期待できます。,水泳
好きなスポーツは野球です。なぜ好きなのかですが、元々高校野球が大好きで甲子園はセンバツや夏の大会など欠かさずに観戦しています。なぜ好きかですが、野球は9人で行うスポーツですが監督やコーチ、控えの選手までみんなで戦う姿やチームワークの大切さがより分かるためです。また、最後の一球まで何が起こるか分からないのが野球の面白さでもあります。高校野球でもプロ野球でも大逆転劇があって、最後まで緊迫感のある試合が観られるのはとても魅力的です。野球選手で好きな選手は、メジャーでも活躍している大谷選手です。二刀流でメジャーを沸かす選手へと成長していってほしいです。,野球
競泳が好きです。短時間で決着がつきますが、タイムで競うので勝敗が公平だからです。また自分も水泳が好きなので見ていて泳ぎたくなります。選手はみんなフォームがきれいで、大変参考になります。自分も真似したくなります。プールの水を見るだけで癒されますし、選手の鍛え抜かれた体を見ることができるのも魅力だと思います。好きな選手は池江璃花子選手です。白血病の克服だけでも大変なのに、選手として復帰したのにはすごく感動し、涙が出ました。スポーツでこれほどまでに感動したのは初めてです。努力が報われて本当に良かったと思います。,競泳
好きなスポーツは硬式テニスです。好きな理由として、緩急つけたメリハリのある連続したラリーです。その最大の魅力は、お互いのプレーヤーの駆け引きや心理作戦です。相手のうらを読んで、意表をついたり、思わず息を呑むようなプレーは見ている観客としても楽しめます。奥に打つふりをして、ドロップショットするなど多彩なプレーに見惚れます。また錦織圭選手の、もう届かなくてかえせないだろうというボールでも、股打ちで返してしまったりなど、芸術的なプレーが見れるところも魅力の一つです。他にも好きな選手として、大阪なおみ選手のような感情をプレーに表現してゲームをしているのも非常に見応えがあります。,テニス
私が好きなスポーツはずばり「スティールチャレンジ」です。私が「スティールチャレンジ」を好きな理由は2つあります。1つは他の射撃競技と比べてとてもすばやくわかりやすいからです。そもそもスティールチャレンジは5枚の板を拳銃で早撃ちする競技です。そのため長距離射撃をするライフル射撃や飛んでくる皿を撃つクレー射撃よりもすばやく終わります。2つ目はエアガンで参加できることです。日本で行われているJapan steel challengeではガスガンで競技を行います。そのため他の射撃競技よりも参加へのハードルが低いと思われます。しかしながら競技自体はとても真剣に行われていて見ごたえがあります。これらが私がスティールチャレンジが好きな理由と競技の魅力です。好きな選手はマック堺です。この選手はアメリカでの実銃を使った大会でも優勝していて実力があります。,スティールチャレンジ
私が好きなスポーツは卓球です。自分が学生時代に卓球をやっていたこともあり、いつのまにか好きになっていたスポーツです。なぜ好きかと言われると良く分かりませんが、カッコいいだけではなく、どことなく可愛らしさがあるところだと思っています。国際大会などは特に興味があります。特に最近はオリンピックでも日本の選手が活躍していて、以前よりもテレビ中継がかなり増えたことが嬉しいです。応援したい選手はたくさんいますが、中でも石川佳純選手は特に注目しています。男子の卓球はとてもパワフルで、ラリーのやり取りなども凄いので、女子とは違った面白さがあります。卓球の魅力はやはり瞬発力の速さかもしれません。卓球のイメージが今はカッコよく、オシャレになってきているのが嬉しいです。　　　,卓球
好きなスポーツは卓球です。好きな理由としては、目にもとまらぬ速さで行われるところです。最大の魅力は変化球です。サーブ一つにも様々なサーブがあり、縦回転や横回転など変化球は多々あり、そのテクニックには感嘆します。しかし、サーブだけでなく、サーブレシーブも変化させてリターンするところも魅力的です。サーバーからしたら、まさか変化球を変化球で返球するとは思わないので、意表をつかれて呆気に取られます。観ている観客もその技能と頭脳戦に惹かれていくところが、とても魅力的です。好きな選手には石川佳純選手がいます。日本代表としてチームキャプテンとして、一生懸命プレーしているところに心打たれます。,卓球
私はスキーのジャンプも大好きです。あの短時間で高いジャンプ台から飛び出す姿は大空をまう鳥のようで、本当に素晴らしいと思います。私は実際にジャンプの試合を見たことがありますが、素晴らしい迫力でした。またジャンプしている姿も美しかったですね。特に２回目のジャンプは緊張感が半端なかったです。本当に素晴らしいスポーツです。好きな選手は高梨沙羅選手ですね。あの小柄な体型で世界を相手に戦っています。誰にも真似できない事だと思いましたね。またいつまでも飛び続ける船木和喜選手も飛型で本当に素晴らしいと思います。,スキーのジャンプ
私が好きなスポーツはフィギュアスケートです。なぜなら華やかで美しく、短時間で終わる競技なのに、ドラマ性があるからです。そもそも私がフィギュアスケートにハマった理由は、子供の頃NHKで女子フィギュアスケーターが、可愛いひらひらの衣装で競技をしている姿が素敵で羨ましく印象に残ったからです。 その後スケートリンクで実際に滑ってみましたが、ぎこちなく滑るだけで精一杯でした。 それなのにフィギュアスケート選手は滑らかに滑り、時にはアクロバティックな技を見せ、観客を魅了します。 またフィギュアスケートはスポーツでありながら芸術性があり、美しい曲にあわせて踊る姿にはアートを感じます。 近年では日本人選手の活躍も目覚ましく、羽生選手の演技は滑らかで美しく、一見の価値があります。,フィギアスケート
フィギュアスケートも冬のスポーツの中では好きですね。優雅なプログラムは見ていて魅了されます。そして最大の店番であるジャンプは見ていて迫力がありますね。ジャンプが成功した時には、本当に素晴らしい笑顔を見ることができます。またエキシビションもフィギュアスケートの魅力ですね。戦い終えた後の選手が思い思いのコスチュームで自由に演技します。まるでおとぎ話の世界に引き込まれていくようです。なかなか他のスポーツでは見ることができないのもフィギュアスケートのエキシビションですね。好きな選手は羽生結弦選手ですね。,フィギアスケート
好きなスポーツはバスケットボールです。日本ではまだまたまマイナーなスポーツですが、アメリカでは絶大な人気があります。日本とは比べ物にならないほどの身体能力やスキルを持った選手が多数座席しており、試合展開の早さやダンクシュートは観ていてとても興奮させてくれます。ライバル関係がある球団のプレイオフでは選手やファンが乱闘騒ぎを起こすほど熱狂的な試合展開になります。ロサンゼルスレイカーズに所属しているコービーブライアントの大ファンでしたが、昨年不運な飛行機事故で亡くなってしまい、その悲しみが今も消えません。私にとってバスケットボールを好きになるきっかけとなった選手でありこれからも永遠にファンを貫き通したいと思います。,バスケットボール
競馬ですね。日本ダービーや天皇賞などのレースに出場し、そこで好成績を収めることでさらにファンが増えたりしていく。  　そのレースにおいて、「逃げ」「先行」「差し」「追込」の中から、運営がどう走るのか作戦を選び実際にレースが始まってしまえば、育ててきたウマの力のみが順位が決まる。  　「レースは見ているだけ」実際にレースを見てみると、これがまあおもしろい。ナリタブライアンが、好きです。馬にはそれぞれドラマがあり引退後にも種馬としての世界があるので、一度ファンになると死ぬまで追い続けてしまうことになる。,競馬
スポーツの中で1番好きなものはバスケットボールだ。なぜバスケが好きなのか、それは何と言ってもプレーしていて楽しいからだ。5人全員でゴールを目指しゴールにボールを叩き込む、単純ではあるが仲間との一体感を感じることができとても楽しい。そして誰しもがゴールを決めるチャンスがあることも魅力的だ。ゴールに向かって切り込んでいって点数を取ったり、ゴールから離れていたってシュートを決めることができる。一人一人に活躍するチャンスがあるのだ。もちろん、観戦するのもおもしろい。攻守の切り替えが早く、得点がどんどん入り、100点台になる事もある。その展開の速さと疾走感は観ていて飽きることはない。そんなバスケットの最高峰、NBAで日本人で初めてプレーしたのが田臥勇太選手であり、私が一番好きな選手だ。小柄ながらパスのセンスは天才的だった。ずっと観ていられる選手だったと思う。,バスケットボール
まだまだマイナーな競技ですが、オリンピック種目でもある、フィールドホッケーが好きです。自分もやっていたということが最大の要因ですが、スピード感がすごく、見ていてたのしいです。また、トリッキーなプレイもたくさん見れるし、プロになると細やかな技と一体感でずっとみていられます。また、とにかくユニフォームが可愛いところも魅力です。ピンクのミニスカート、テニス風です。日焼けもしていて、歯が白く笑うと可愛い人が多いです。個人的には、永井葉月選手が好きです。私がまだ選手だった頃から、話題の選手で鮮やかなプレーが印象的です。もっともっと、人気になって欲しいスポーツです。,フィールドホッケー
私は小さい頃からサッカーをやっていました。好きな理由としましては、やはり小さい頃にワールドカップをみて、自分もこんなふうに活躍したいと思っていました。またどの団体競技でもそうなのですが、サッカーを通じて色々な友達ができ、大人になった今でもサッカーを通じて新たな仲間を作ることができました。また、海外サッカーを観るのも好きですが、Jリーグ観戦もコロナの影響でなかなか行けませんが、以前はよくいってました。チーム競技なので、みんなの協力がないとプレーできない為、話合う重要性を学びました。これからもサッカーを続けて行きたいと思います。好きなサッカー選手は特にいませんが、目標としていた選手は横浜ＦＣの中村俊輔選手です。,サッカー
好きなスポーツと言えばメジャーですが野球です。プロ野球や高校野球などはテレビなどで同じみなのでプロ野球について語ります。まずプロ野球で魅力を感じるのは、チームワークは当たり前ですが、個人の技術が相当なものです。実際ひとりひとりが全ての役割を実行し体と頭脳を駆使して相手の裏をかき得点を重ねていくのです。ピッチャーの球種も様々あるのでバッターは球種を読みながら攻略していく。攻略しながらランナーを進めて得点をあげるところが野球が好きな理由です。プロともなればある意味有料でお客様を入れてるので、選手も魅せる野球を心がけてくれる所も醍醐味のひとつです。好きなプロ野球選手は今は引退しておりますが清原和博選手がやはり一番好印象です。,野球
私が好きなスポーツはゴルフです。社会人になり上司に連れられてラウンドしたのをきっかけに、今では月1回はラウンドするほどハマってしまいました。運動神経や年齢によってスコアが左右されるわけではなく、若年層から高齢者まで一緒に楽しめるスポーツです。初めてお会いする人でもゴルフを共にすると自然と打ち解けてしまうのも魅力的な部分だと思います。長い年月を経て上達するスポーツなので飽きることなくどこまでも向上心を持って取り組めるスポーツだと感じています。道具もさまざまな種類があり自分に合ったセッティングを探すのも楽しいです。石川遼選手が好きで彼が出ているテレビ版組は欠かさずチェックするほど大ファンです。,ゴルフ
バレーボールです。チームワークが大切な競技ですが、一人一人の役割がしっかりと明確になっています。最近バレー漫画が流行りましたが漫画では表せることのできない会場の熱気とボールの速さ、そして選手の動体視力は圧巻です。ボールを長く持ってはいけない、一度に3度しか触れることのできない、ポジションにも制約があるといったいらいらな要素が詰まっています。何より上を向くスポーツであり、常に上に飛ぶスポーツで重力との戦いです。選手は重力と戦い常に上を目指すのです。日本人は身長が低く世界に通用するには壁が高いです。そんな中負けずに世界を圧倒しています。男子バレーの越前選手はサーブが強みの選手です。力強いサーブは是非一度見ていただきたいです。,バレーボール
好きなスポーツはサッカーです。なぜなら波乱が多くて見ていて面白いからです。私はJリーグより日本代表の試合を見ることが多いです。最近の日本代表のレベルは確実に上がっていると思います。海外で活躍できる日本人が増えていることは嬉しい限りです。次のワールドカップで日本代表が波乱を起こす可能性は十分にあると思います。なぜなら決定力不足は少しずつ解消されていて攻守のバランスが良くなっていると感じるからです。以前は期待できる選手が少なかったですが、最近は選手層が厚くなっているため特に期待できる選手はと聞かれても悩む程です。私が好きな選手をあげるとすれば南野選手です。なぜなら毎試合得点に絡んでいるし、特にアジアカップのイラン戦で倒されてもすぐに立ち上がってボールを追いかける姿勢に好感が持てました。これからも日本代表を応援していきたいと思います。,サッカー
私が魅力を感じているスポーツはバレーボールです。小学生のときに友達に誘われて始めたバレーボールでしたが、これ以上に没頭したスポーツはないと思います。個人的にはやはり団体スポーツは魅力的に感じます。その中でもこの競技は3回しかボールに触ることができない中で仲間とボールを繋ぎ、そこから得点したときの喜びは他に変えられるものはありません。得点のあとに仲間と喜びを共有し、絆を深め合うという魅力的なスポーツです。10年以上バレーボールを続けていますが、私の憧れの選手は清水邦洋選手です。一番の魅力はあの背筋です。私もがっちり体型ですので、あのような選手になりたいとずっと思っていました。,バレーボール
好きなスポーツは野球です。特にプロ野球をよく見ます。なぜなら、シーズンを通して100試合以上戦い、最後のクライマックスが一番面白いからです。優勝が決まったときは見ていて鳥肌が立ちます。その後クライマックスシリーズを戦いますが、優勝したチームが敗れることがあるのが怖いところでもあり面白さでもあると思います。その後日本シリーズがあり私は何度か見に行ったことがありました。自分が応援しているチームが日本シリーズに行くことはめったにないので貴重な経験になりました。特に印象に残っているのが2013年に楽天と巨人が戦った日本シリーズです。特にマー君の活躍が印象に残っています。マー君は高校時代から見ていて私の中では好きな選手の一人です。日本シリーズで完投した翌日にクローザーで登板し日本一になった感動は今でも忘れられません。私の中では今までで1番の日本シリーズでした。,野球
フィギュアスケートが好きです。理由は3点あります。1つ目は、観ていてとても美しいスポーツだからです。華麗なステップとジャンプは自分ではとても出来ないので、憧れます。2つ目は、競技の衣装が華やかで美しく、見応えがある点です。特に女性の衣装は選手の個性が出ていて、見ていて楽しいです。3つ目は魅力的な選手がいることです。特に羽生結弦選手がとても好きです。はじめてロミオとジュリエットの演技を観て衝撃を受けました。それからファンになり、今でも応援しています。彼の演技は美しいだけでなく、人に勇気と感動を与える素晴らしいものだと思います。,フィギアスケート
サッカーも実はかなり大好きです。何故大好きなのかというと、強いチームが必ず勝利するわけではないからです。そして美しいパス回しからのゴールは本当に美しいのもあります。また後半のロスタイムになると、負けているチームプレーがパワープレーを仕掛けてきますが、その際の攻防の迫力は本当に素晴らしいです。格闘技と言っても間違いないくらいですね。好きな選手は三浦知良ですね。あの諦めない姿は本当に尊敬します。またDFの吉田麻也選手もイングランドプレミアリーグでバリバリ活躍しており、本当に素晴らしい選手だと思いますね。,サッカー
冬季五輪で楽しみにしている「スキージャンプ」。アルベールビルやリレハンメルの頃からよく見ていました。白一色の景色と飛行の景観が魅力でした。ちょうどその頃はノルディック競技における日本人選手の活躍が目覚ましかった頃です。現在もその傾向は継承されており、現役選手は皆優秀です。ただし、本番の五輪メダルは取り逃がしているのが残念。大好きな選手である高梨沙羅選手は、まだあどけない小さな女の子だった頃から見ていたため、色々な思いを感じます。例えば、TV中継を見ていて、あの沙羅ちゃんがお化粧をしておりマスカラしていることに驚き、バラエティ番組の出演を見ては、オフショルダー(両肩の出た)のトップスを着用しているのにまた驚き。大人になって、女の子らしくを通り越し女性になったんだなあ…と思うことしきりです。しかもレジエンドは今、かつての新人葛西選手ですよ!と気が立つのが早すぎる。,スキー
筋トレが好きです。もともとジムに通っていて、はじめはマシンでトレーニングをしていましたが、だんだん飽きてきてフリーウェイトの世界へ…腰ベルトやグローブを購入して、BCAAやプロテインを飲んで、少しだけ本格的に取り組みました。正しいフォームで、かつ重量を上げていけるとやはり楽しくなってきます。私は筋トレ＆ランニング＆少しの食事制限で、体脂肪率が7%くらい落ちました（20%?13%)。やはりに筋肉は裏切らない！好きな選手は安井友梨さんです。真面目で努力家で、仕事もしつつ家庭も支えつつあの身体を維持しているのは本当に憧れます。,筋トレ
私の好きなスポーツはトライアスロンです。皆さんはトライアスロンにどんなイメージをお持ちでしょうか？やはり「鉄人」とか「過酷な競技」という言葉を思い浮かべるかもしれませんね。トライアスロンは、スイム、バイク、ランを連続して行う競技で、確かに体力的にはハードです。しかし！その最大の魅力は完走したときの達成感です！これはトライアスロン経験者がみんな感じることで、レースでは完走者が「勝利者」とも言われます。またもうひとつの魅力が、競技の戦略性の高さがあります。普段の練習やレースでは、体調や天候など、あらゆる状況を踏まえながらプランを立てたりします。トライアスロンは企業経営者にとても人気がある競技だと言われています。マネジメント能力の高さが求められるという特徴に経営者の方々は魅力を感じるのではないでしょうか。現在の日本人選手では、上田藍さんがとても小さい体ですが頑張っていて、応援したくなりますよ！,トライアスロン
私が好きなスポーツはずばり「総合格闘技」です。私が「総合格闘技」を好きな理由は2つあります。1つは他の格闘技にはないアグレッシブさです。金的、頭突き、後頭部、脊椎、眼球以外の攻撃は基本的に何をしてもいいというルールゆえに見ごたえがあります。例えばボクシングのパンチよりも繊細さはないですが破壊力はあります。これは使用しているグローブの種類が違うためです。このように他の格闘技よりも危険なものの迫力があるところが私は好きです。2つ目は試合のわかりやすさです。ボクシングは1試合10～12ラウンドであったり、柔道では組手争いなど少々グダグダしたり経験者でないとわかりにくかったりすることがあります。しかし総合格闘技は多種多様な戦い方のためわかりやすいです。これらが好きな理由と魅力です。好きな選手は海外だとトニー・ファーガソン、日本だと堀口恭司です。,総合格闘技
スキーが好きです。若い頃から15年以上続けている趣味です。今は家族で楽しんでいて、家族で楽しめるところも魅力の一つです。自然の中ででき、晴れの日でも雪が降っていても、コースのコンディションの違いをそれぞれ楽しめるところも好きで、魅力なところです。サラサラの粉雪の日は最高です。滑っている時のスピード感が気持ち良く、上達すればする程楽しいです。また、自分のスキー板やブーツなどに愛着もあり、お気に入りの板で滑るのも楽しみの一つです。好きな選手は、スキージャンプですが、高梨沙羅選手が好きです。また、引退してしまいましたが、上村愛子さんも好きでした。,スキー
私が好きなスポーツは、野球が一番好きです。理由は、小学生時代に少年野球を体験して野球の面白さに魅かれ、中学生と高校生でも野球部に所属していました。高校では、硬式野球で軟式とは全然違い危険を伴う球技でしたが、一応甲子園を目指した物の、硬式に変わったばかりの弱小チームだった為、予選敗退でした。社会人になってからも、職場のチームに入りナイターでリーグ戦やトーナメント戦もしました。他のチームにも在籍して、助っ人として野球をする事もありました。社会人になってからは、軟式になりボールが軽くなり、球速が早いのが監督の目に留まりピッチャーに抜擢されました。野球の魅力は、ピッチャーになってからゲームを活かすも殺すも責任が掛ってくるのでやりがいを感じて投げる事が出来ました。好きな選手は、中日ドラゴンズの高橋選手です。,野球
長距離走にはたくさんの魅力が詰まっています。長距離はまさに自分との戦いで、走ってる間は常に自分の心と戦っています。キツくなってきたなぁ、辛いなぁ、体も重いなぁ、そのような気持ちは絶対誰にでも浮かんできますが、そのような中でもう少し進んでみよう、足を上げていこう、と自分に勝ちながら走り続けているのです。また、精神力だけでなく技術的な面もあるのが長距離走の魅力です。効率よく力を使って行くためには、姿勢を保つために体幹を鍛えたり、足を痛めずに練習をするために接地の方法に気をつけたりしています。他にも、レースには駆け引きが重要で、初めから前に出て飛ばす人もいれば、前半は後ろの方でじっと集団の動きを見る人もいます。長距離王者のファラデー選手のレースは必見です。長距離はただ走っているように見えますが、選手は皆頭の中でたくさんのことを考えています。,陸上
好きなスポーツと言えば、テニスに勝るものはない。ボールを思った通りのコースへ打ち返した時の快感やスマッシュを決めた時の達成感など、気分が高揚しさらに上手くプレイしたいと地道な努力を重ねられるスポーツ。またボールを打ち返す相手との兼ね合いや緩急をつけた送球テクニック、試合の際の巧みな戦略など、体力に加えて様々な角度から楽しめる点も大きな魅力。最近は日本選手の国際的なレベルでの活躍も目覚ましく、有名トーナメントの観戦も楽しい。応援しているのは大阪なおみ選手と錦織選手であるが、これまでの名選手ではシュティフィ・グラフのひたむきで粘りのあるプレースタイルに好感を覚えた。,テニス
私が好きなスポーツはサッカーです。言うまでもなく世界で一番メジャーなスポーツで、世界中で人気のあるスポーツです。サッカーの最大の魅力は得点がなかなか入らないスポーツなので、得点を取るまでのプロセスが魅力的なところです。チームのパスワークで得点したり、クロスやコーナーキックからの高い打点のヘディング、個人技のドリブル、フリーキックなど得点に至るまでのパターンが豊富でプレーでも観戦でも飽きることはありません。また、サッカーはボール1つあればプレーすることが出来るので、ここが他の球技のスポーツと比べて最大の魅力だと思います。サッカー選手といえばメッシとロナウドが有名ですが、私が好きな選手はマンチェスターシティに所属しているデブライネです。彼は中盤のスキルに必要なものを全て兼ね備えていて、世界最高の中盤の一人だと言われています。サッカーに興味を持たれた方は是非鑑賞してみてください。,サッカー
ランニングが好きです。夫の影響ではじめてみましたが…最初は1キロもろくに走れず。でも毎日続けるとやってくるんです、ランニングハイというものが！走れば走るほど楽しくなってきて、1時間ほど走れるようになりました。せっかくだから大会に出ようと考え、はじめは5キロ、次は10キロの大会に出ました。沿道の皆さんの応援が素晴らしくて、またゴールした後のビールが美味しすぎて、本当にハマりました！次はハーフにエントリーしていたのですが、コロナの影響で中止になり…それからは全くレースが開催されず、少しモチベーションが下がっています。好きな選手は新谷仁美さんです。あの淡々と走る感じ、すごくかっこいいです。,ランニング
好きなスポーツはバレーボールです。好きな理由としては、展開の早いスポーツだからです。瞬間的に素早く判断しプレーすることが多いので、展開が早くプレーする人もバレーボールを見てる人も楽しいからです。最大の魅力として、素早い展開の中で生まれる一瞬の閃きのプレーをチームプレーで行うところです。バレーボールは基本的には3回で返します。3回と聞くと少ない回数と思いますが、その限定された3回の中で行われるプレーや技は多彩です。特にプロになると固定概念を壊すようなプレーを瞬間的に行われます。好きな選手としては、全日本代表の石川祐希選手です。石川祐希選手も瞬間的に素晴らしいプレーをします。スパイクをするフェイントをしてほかのアタッカーにトスするシーンは特に有名で、誰もが見ても痺れます。,バレーボール
好きなスポーツはサッカーです。好きな理由としては、途切れないプレーで見てる観客も一瞬たりとも目を離せなく常に緊張して楽しんで観ることができるからです。最大の魅力としては、なかなか入らなく、どうしても欲しかった1点のゴールをとったときです。そのゴールをとったときの観客は非常に盛り上がり、一体感を感じることができます。またサッカーを好きな人は世界中にいるので、サッカーを通して外国人と仲良くなるのも魅力の一つです。好きな選手は元日本代表の長谷部誠選手です。長谷部誠選手は長く日本代表を引っ張ってきたチームを牽引する存在です。プレーとしては堅実的で献身的なプレースタイルでそこに魅力を感じます。,サッカー
私が好きなスポーツは、バレーボールです。社会人になってから始めてプレイしたのですが、最初の頃は突き指や腕の内出血で全然上手く出来ず、試合には出れませんでした。段々練習して行くうちに、レシーブやトスも上達して試合に出られる様になりました。ポジションは、セッターかレシーバーで身長が低いので、なかなかアタックを打つ場面がなく、トスが上がってきても強打ではなく相手の拾いにくい場所を狙うくらいでした。バレーボールの魅力は、ラリーが続いて気持ち良くアタックが決まる所です。貴重な経験をしたのは、あの全日本女子キャプテンの大林素子選手と、対面トスと握手をした事です。すきな選手は、木村沙織選手です。,バレーボール
私が好きなスポーツはずばり「レスリング」です。私が「レスリング」を好きな理由は2つあります。1つは技が多彩なためです。グレコローマンスタイルだけでも幾種類ものスープレックスや一本背負い、腰投げなどさまざまな投げがあります。またレスリングですので上半身に触れたままピンフォールなどもあります。フリースタイルですと下半身に触れるのでタックルや飛行機投げ、さらには足をつかんでするローリングなどとても技が多いです。2つ目は単純明快なルールです。各種ポイントがありますが、結局のところ打撃、関節技なしで相手をマットに抑え込むことが最終目標ですのでわかりやすいです。これらは柔道とも共通している魅力だと思います。好きなレスリング選手は樋口黎です。関西出身なので応援しています。,レスリング
サッカーを観ることが好きです。私がサッカーに惹かれる点は主に2つです。1つ目は、点数が入りにくいということ。1試合で何十点も入るスポーツもありますが、サッカーは多くても数点、試合によっては1点も入らずに終わることも少なくありません。だからこそ、点が入ったときの喜びは一層大きくなります。それは選手も同じで、より選手とともに喜べるスポーツではないでしょうか。そして2点目は、スポーツマンシップがあること。相手チームが怪我をしたら、たとえ自チームがボールを持っていたとしても、中断するためにわざとボールを外に出します。そして試合再開後、相手チームからの再開となりますが、先程自チームが出してあげたので、今度は相手チームがわざとボールをパスしてくれるのです。見ているだけで温かく、熱くなれるスポーツです。中でも好きなのは、乾貴士選手です。プレーだけでなく、少年のような無邪気さも、魅力の一つです。,サッカー
好きなスポーツは野球です。好きな理由としては、単純にパワーや力だけでなく、複雑で戦略的に頭脳を使ったプレーをみることができるところです。最大の魅力は発想によっては、芸術的なプレーをみることができる事です。好きな選手の1人にイチロー選手がいます。イチロー選手の好きなプレーの1つに、捕球できないフライをわざと捕球できるふりをして、ランナーを走らせるのをとめて、得点を失うのを抑えるプレーです。イチロー選手がやるとリアルな感じがあるので、メジャーリーガーでも騙されてしまいます。イチロー選手の他の素晴らしいプレーに、ホームに帰るときのキャッチャーのタッチを避ける、避け方が忍者のように避けるところです。他にもスライディングキャンセルも芸術的でカッコ良いです。,野球
私は高校野球が好きで、子供の頃から毎回、テレビで応援しています。何度も甲子園球場へ観戦しに行きました。また、地方大会では地元の野球場へ足を運び、炎天下の中、応援や観戦をしました。母校が甲子園に出場したこともあり、身内の母校は甲子園常連校です。そんなこともあり、毎年、センバツや夏の大会になると、家族で高校野球の話題で盛り上がります。好きな理由はやはり一生懸命に白球を追いかけている姿だと思います。そこにはやらせやパフォーマンスといったものがないので、余計にドラマチックな展開になるのだと思います。具体的に好きな選手はいませんが、やはり地元出身で活躍した選手は応援したくなります。すでに40年くらい高校野球ファンなので、私の人生の一部となっています。,野球
私が好きなスポーツは、サッカーです。社会人から始めたのですが、ルールが今一分からず最初は戸惑いましたが、高校時代に体育でやっていたのを思い出し、試合にもだして貰えました。ポジションは、ＭＦだったりＤＦだったり、持久力を買われ、攻撃型として出場しました。サッカーの魅力は、やはり得点とアシストを決める事です。長時間コートを走り回るのですが、常に動いているとスタミナが続かないので如何に、無駄のない動きをするかがポイントに成って来ます。個人技に走るのも良いですが、チームワークが良くないと勝てないので勝敗を分けるのは、チームメイトを信頼してプレイする事です。好きな選手は、中村俊輔選手です。,サッカー
私が好きなスポーツの一つがサッカーです。特にワールドカップやオリンピックなどの国同士の戦いが面白いです。初めは男子サッカーが中心でしたが、今では女子サッカーも応援しています。身内が元サッカー選手で今はコーチをやっていることもあり、このスポーツは身近な存在です。サッカーはずっと走り回っているので、とても体力が必要ですが、そのタフなところが好きな理由かもしれません。また、決着が付かないと、最後はPK戦になってしまいます。その勝負の決め方などもサッカーの魅力の一つだと思っています。ブンデスリーガで活躍している酒井高徳選手は地元出身なので応援しています。私はドイツが好きなこともあり、ブンデスリーガで活躍している選手に目が行ってしまいます。,サッカー
自転車ロードレース、特に３大ツールと呼ばれる大会では、実力も最高レベルの選手で構成されたトップチームが世界から集結し、開催国の各地を約３週間かけて転戦します。コースは平坦路のみならず山岳コースなど多岐にわたり、総合タイムの他にポイント賞が争われ、コースの特徴によって活躍する選手が入れ替わります。個人競技のように見えて、チームのエースを勝たせるべく駆け引きが展開されるチーム競技です。マーベラス３（または４）と呼ばれたトップ選手の勢力図に変化が見られ、このところ活躍の目立つジュリアン・アラフィリップ選手に注目しています。,ロードレース
私の好きなスポーツはサッカー、フットサルです。私は幼少期からサッカーを習っていますが、サッカーのおかげで高校に入学できましたし大学にも入学できました。推薦ではありましたが、がむしゃらにやっていたことで上手く成長できたと思っています。チームスポーツなので協調性も養うことができますし、とはいえ主張する力も必要なので人間的に成長することが可能です。また社会人になった今でも負けず嫌いな性格なので仕事を頑張ることができていますがそういった性格もサッカーで培ったものです。好きな選手はメッシです。定番かもしれませんが、サッカーをやっていたからこそメッシの凄さがより分かります。私も身長に恵まれなかったので勇気をもらっています。,サッカー
好きなスポーツは野球です。幼少期から甲子園出場を目指して結構頑張りました。今ではあまり野球をする機会はなくなりましたが大学まで頑張りました。おかげでたくさんの友人ができました。今振り返ると挫折もありましたしメンタルも強くなったと思いますし努力の仕方は野球から学びました。勉強はあまりできませんがやる気はありますというタイプです。好きな選手は福岡ソフトバンクホークスの柳田選手です。正直、化け物だと思います。凄いです。社会人になってからは球場に通ったりして趣味として野球を応援しています。社内でも野球好きの人が多いので会話が弾みますしそういった意味でも良かった部分かもしれません。,野球
スノーボードが好きです。初めは逆エッジをくらってしばらく動けなくなったり、お尻が4つに割れてるんじゃないかと思うぐらい転びましたが…ある日急にターンができるようになりました。そこからは一気に上達！スノーボードは自然に体幹が鍛えられるので、どんどんスピードも出せるし、転びそうになっても持ち直すことが出来るようになるのでめちゃくちゃハマりました。5年くらい、シーズン券を買って冬はほぼ毎週末通いました。ボードを自由自在に扱って山を降りるあの爽快感はたまりません。好きな選手はショーンホワイトです。昔から大活躍している彼、いまだに好きです。,スノーボード
好きなスポーツは水泳です。何故好きなのかと言うと、１秒の間の攻防が素晴らしく激しいからです。特にメドレーリレーはチームでの戦いでスタートからゴールまで息をつく暇がありません。また引き継ぎの際のちょっとしたミスで勝負が決してしまう事もあります。見ていても面白いし、自分で行っても本当に面白いですね。夏のオリンピックの中でも一番好きなスポーツです。好きな水泳選手はたくさんいますが、好きな選手は池江璃花子選手ですね。大病から不死鳥のように復活したのはもちろん、あの伸びのある泳ぎが本当に素晴らしいからです。,水泳
野球が大好きです。野球はサッカーほど点数が入らないわけでもなく、バスケのようにたくさん点数が入るわけでもない、ちょうどいい点数だと思っています。攻守が分けられているため見やすく、応援しやすいです。何より終盤でも逆転できる可能性は十分にあり、最後の一球まで何が起こるかわからないハラハラドキドキ感がいいです。野球のルールに詳しくない方でも比較的わかりやすく、応援しやすいスポーツだと思います。ホームランなど見た目も派手なものはそれだけで盛り上がれるのが魅力です。特にプロ野球選手の西川遥輝選手や中島卓也選手が好きです。,野球
私はバスケットボールが好きです。小学生の頃スラムダンクの漫画を読んで以来バスケに夢中になり高校生まではほとんどの時間をバスケに費やしました。バスケは他のスポーツと違ってたくさん点が入るスポーツです。たくさん点が入ることによってバスケをしてる側も楽しいし、観てる側も楽しめます。また人によって様々なプレイ方法があるので観てても飽きません。私が1番好きな選手は田臥選手です。YouTubeで田臥選手の高校時代の試合を観たら「高校生でここまでできるのか！？」とびっくりしました。私はプロの試合を見るよりかは堅実なプレイをする高校バスケを見る方が好きです。,バスケットボール
私が好きなスポーツはラグビーです。最近もワールドカップでメジャースポーツになりましたが私が習っていた時はコアなスポーツもイメージでした。魅力は迫力ですね。私はスピード重視のスタイルでしたがほとんどの選手は筋肉ムキムキでガタイが凄かったです。なかなか他ではないスポーツなので観戦したりすると魅了されると思います。ちょっと初心者の方にはルールが難しいかもしれませんが・・・。好きな選手は五郎丸選手です。ワールドカップ以前に有名になった選手ですがルーティンの大切さを教えてくれました。もうほとんどプレーする機会はありません。しかし日本中で有名になって会場が盛り上がり、また観戦に行ったりするのを楽しみに日々過ごしています。,ラグビー
「スピードスケート」も思い出が深い競技です。黒岩選手や橋本聖子選手が現役の頃からよく見ていました。橋本選手は、今も変わらず、重厚で沈着な人だったような記憶があります。スピードスケートの魅力は、一見地味な面白みを感じさせない競技ながら、緻密な計算を物凄いスピードの中で個々が競って結果を出している所です。好きな選手は、今現役の小平奈緒選手で、スピードスケートの選手には珍しい小柄で可憐な滑りが特徴であることです。どこか華というより花があると言うか、滑る体の周囲に、ほころんだ小花が舞うような印象を受けます。過去の選手では、長野の金メダリストの清水選手が印象的でした。今は何をなさっているのか?前回の冬季でコメンテーターとして久々にお姿を見かけ懐かしかったです。,スピードスケート
「好きなスポーツはプロレスです。」そういうと、「どうせヤラセだろ？」などとプロレスを揶揄する言葉が返って来ることが多々あります。正直に言うと、私自身もそう思ったことがあります。しかし、私は気づいたのです。プロレスは生き様で闘っているのだと、人生なのだと。レスラーたちは、血と汗と涙を流し、厳しい練習を耐え抜いてきたのです。鍛え抜かれた肉体のぶつかり合い。リング上で繰り返される技のやり取りは、魂の叫びの応酬とも言えるかもしれません。プロレスファンはレスラーたちの倒れても立ち上がる強さに魅了され、感銘を受け、時には自分と重ね合わせて感情移入するのです。特に新日本プロレスの柴田勝頼選手の不器用で真っ直ぐに強さを追い求める姿は涙なしで語ることはできません。,レスリング
私が好きなスポーツは「卓球」です。私が卓球を好きな理由は2つあります。まず1つ目はプレイ環境です。卓球はテニスやバドミントンとは異なり、狭いテーブルの上で戦います。そのため打球の間隔がとても短くテニスやバドミントンなど他のラケット競技と比べてスピード感あります。これにより短い時間でもプレイできあまりグダグダしないです。2つ目は技の多さです。卓球で一般的に使われるラケットには天然ゴムや合成ゴムなどが使われます。これによりテニスやバドミントンなど他のラケット競技と比べてボールに回転がかかりやすく、多彩な技が可能となります。卓球の魅力は誰もが気軽にできることだと思います。温泉や銭湯で気軽に、体育館で真剣に、お家のテーブルで楽しくなど汎用性が高いです。私が好きな卓球選手は中国の張継科です。彼はトリッキーなプレイが特徴的です。,卓球
私は野球も大好きです。何故好きなのかと言うと打者・走者とバッテリーの駆け引きが面白いのと、走者と外野守備陣の対決が本当に素晴らしいからです。特にパワーとパワーの戦いは見ていて本当にドキドキしてしまいます。またパワーと見せかけてかわす場合もあり、そのような駆け引きも面白いです。また最終回のサヨナラをかけた時のバッテリーと打者の戦いは見ていたら本当に痺れますね。好きな選手は様々ですが、打者なら坂本勇人選手・投手ならダルビッシュ有選手・大谷翔平選手が大好きですね。特に大谷翔平選手の二刀流は保険素晴らしいと思います。,野球
私は卓球が好きです。私は小学生５年から、高校３年生まで約７年間卓球をしてきました。卓球をよく知らない人は多く、実際に私の知り合いからも「何となく地味なイメージがある」などと言われた経験もあります。確かに卓球は、傍から見ると動きが少ないように見えて、地味に見えるかもしれません。ですがピンポンを目の前にしてラケットを握ると、その印象はがらりと変わります。瞬きの間にピンポンが飛び交い、台上で回転する球は予測できないような動きをします。卓球が最速のスポーツと呼ばれることがありますが、速度だけではありません。サーブする瞬間に少し手首をひねるだけで１８０度回転が変わり、それを見極めて対処するように打たないとすぐに負けてしまいます。どのスポーツにも言えたことかもしれませんが、以上の理由から特に卓球は非常に奥が深いスポーツだと思います。好きな選手は最近だと張本智一選手です。これからも応援していきたいです。,卓球
私の好きなスポーツは卓球です。中学生の頃から高校を卒業するまで、部活動でやっていました。私が部活動で卓球をしていたときは、卓球と言うスポーツは暗い人がするイメージがありましたが、近年の日本の卓球選手の頑張りのおかげで、イロイロな魅力が多くの人に知れ渡るようになりました。卓球はTVなどではわかりにくいですが、激しい打ち合いのみならず試合中の手首の動き1つで玉の挙動が大きく変わり、その動きに対応する反射スピードの速さなどが魅力の1つです。今後もオリンピック代表の石川佳純などの開拓組に長く頑張って欲しいと思います。,卓球
中学1年生のときに何気なく入ったバレーボール部、高校3年生まで続けましたがとても面白かったです。といっても最初は腕が腫れたり先生や先輩達の教えが厳しくて嫌だったのですが、練習を重ねるうちに自分がどのように動けばセッターと良い連携ができるかが少しずつ分かってきて、上達すればするほど好きになっていきました。バレーはひとりではできないスポーツで、みんなで協力し合って点を取るのが魅力的です。誰かがミスをしても他の誰かがカバーすることで得点につなげることができ、またそのようなプレーが試合の流れを大きく変えることもあります。他の球技の経験もありますけれどもバレーは特にチームワークが重要なスポーツだと感じました。ちなみに今のバレーボール界で好きな選手はVリーグ女子の古賀紗理那さんです。日本代表に入っている女子のエースで、東京五輪での活躍を期待しています。,バレーボール
わたしが好きなスポーツは、冬になるとよく中継されている【フィギュアスケート】です。エッジが氷を削る音や、優雅で美しい演技、きらびやかな衣装。1年の中で日本で観戦できるのが冬だけというのもまた来年の冬が恋しくなる、楽しみになる、そんな素敵なスポーツです。わたしが特に好きで応援している選手は、平昌冬季五輪の銀メダリスト、宇野昌磨選手です。宇野選手はどんな高い壁もものすごい努力で乗り越えてきました。まさに努力の天才を体現したような選手です。宇野選手の高い表現力や、滑らかなスケーティングは一度見たら虜になること間違いなしです。,フィギュアスケート
私が好きなスポーツは競輪です。少し前まで競輪に関わるお仕事をさせていただいていたこともあって出会ったスポーツなのですが、自転車を使うからそんな激しいものではないと思っていたのですが結構ぶつかったり、落車なんて日常茶飯事なことに驚きました。結構高齢男性のファンが多くてもさっとしている感じもしますが選手はかっこいいし女性が観に行くとすごくちやほやされておもしろいので、おすすめです。特に筋肉が好きな女性とかには最高の場所なのではないかなと思います。私が一番好きな選手は期待のルーキー和歌山支部の南潤選手です。,競輪
私はバドミントンが好きです。社会人になってから友達のサークルに入れてもらい、バドミントンのルールから覚えるような段階から始めていきました。バドミントンはシャトルの高速なやり取りからの駆け引きが魅力で、細かいフェイントを織り交ぜながらの、前後左右の揺さぶりからポイントを稼ぐのが基本ですが、日本のトッププレイヤーの桃田賢斗さんなどの動きは、そんな生易しい言葉では収まらない動きでゲームを勧めていきます。バレーボールより少し小さなコートを一人で支配するほどのハードなスポーツなのは、好きな人には大変魅力的だと思います。,バドミントン
私が好きなスポーツはずばり「相撲」です。相撲は日本の国技であり、だれもが一度はやったことのあるスポーツです。私が「相撲」が好きな理由は2つあります。1つは単純明快なそのルールです。基本的に徒手での打撃は禁止で、土俵から相手を出すか、相手の膝から上を地面につけるかというルールがとても分かりやすいからです。2つ目は小さいころからテレビで見ていたからです。NHKで大相撲をよく見ていました。今でも見ています。相撲には多彩な技があるのも魅力だと私は思います。相手と直接接触する組技やまわしを介した組技、さらにはかんぬきなどの極技などもあります。私が好きな力士は琴奨菊です。最近は負けが多いですが頑張ってほしいです。,相撲
好きなスポーツはフットサルです。学生の頃にサッカーをやっていて社会人になってからネットでメンバーを募集してチームを立ち上げて活動をしています。結婚して子供が出来てからも子供を一緒に参加させて、一緒にボールを蹴って楽しんでいます。フットサルの良いところは、性別も年齢も関係なく、みんなで一緒に出来る所です。サッカー経験者が初心者にそれなりに気を使ってプレイはしますが、経験者同士がマッチアップしたときは関係なくガツガツボールを奪いに行くことも出来るのも楽しいです。チームメンバーで親子で参加しているメンバーも多く、子供とお父さんとの対戦というのも出来るのもほのぼのとして良いスポーツだと思います。,フットサル
バスケットボールが好きです。身体能力が要求されるスポーツですが、チームスポーツとしての戦略性も高く、背の高さがあれば有利ではあるものの、小さい選手でも活躍していて、日本代表選手だと富樫選手のプレーは本当に凄いと思いますし、彼のパスやスリーポイントシュートは超一流のプレーとして観戦する価値があります。NBAのレジェンドプレイヤーも素晴らしくて、特にマイケルジョーダン選手のプレーはバスケットボールの神様と呼ばれることが納得できる超一流のプレーでした。豪快で跳躍力のあるダンクシュートも魅力的ですが、ここぞという時に得点をしてくれる勝負強さがジョーダン選手の魅力です。現役では八村塁選手が日本人としてNBAで活躍していることが誇りですし、彼のプレーは見ているだけで楽しいです。,バスケットボール
子どもの頃から好きなスポーツとして一番に思い浮かぶのがバスケットボールです。スラムダンクがジャンプで連載していた頃中学生だった身としては、その頃からNBAなどの痛快なダンクや華麗なパスワークなどに魅了されてきました。実際に行うと運動量の激しいスポーツではありますが、チームワークスポーツなので、チームメイトへのパスや遠くからのスリーポイントシュートなど爽快感は他のスポーツでは味わえないと思います。日本でも最近はプロリーグの人気が増え始めましたし、数年前まで想像もできなかったNBAの舞台で活躍する日本人も徐々に増え始めています。,バスケットボール
好きなスポーツは、水泳です。子供の頃から水泳を習っていましたが、水中に潜るとそこはいつもと違った世界なので、なんだかいつもと違う気持ちを味わうことができ、日頃のちっぽけな悩みなどどうでも良くなるところが好きです。泳げると溺れずにすみ、水難事故など有事の際に助かる可能性も高まりますし、ただ楽しいだけでなく、自分の役に立ってくれるスポーツであるところも魅力的だと思います。好きな選手は池江璃花子選手です。病気を告白された時は驚きましたが、克服し頑張られている姿はとても励みになり、自分も頑張ろうと思うことができます。,水泳
バスケットボールです。自分自身が10年以上してきたスポーツだからです。魅力は、ドリブル、パスの技術と目立つのはシュートですが、シュート前のアシストパス等も魅力の１つです。バスケットボールは、オフェンスとデフェンスの切り替えが早く、その中での双方の攻防がとにかく面白いです。ゴール下では、ポジションの取り合い、そこまでボールを運ぶガードやフォワードのパスやドリブルの技術等、魅せるところが沢山あるのも魅力の一つです。オフェンスだけでなく、デフェンスでコースを止めたりパスカットしたり、ナイスデフェンスを観るのも面白いとこです。好きな選手は、八村塁選手です。この選手のおかげで、バスケットボールもある程度世間に広まったからです。,バスケットボール
100メートル走には、何とも言えない魅力が詰まっています。わずか10秒程度で終わってしまう非常に短い競技ですが、この10秒の間にいろんな感動があります。現状の、世界記録は9秒58で、ここまで来るには相当な年月がかかりました。ある意味では、100メートル走の記録というのは、人類の歩みそのものであり、そこに大きなロマンを感じるわけです。好きな選手はやはり、現記録保持者のウサインボルト選手ですね。あんなに大きいのに、フォームがすごいキレイで、もはや芸術的です。羽が生えている、なんて表現をよく聞きますが、まさにそんな感じ。彼の記録を塗り替える選手は、おそらくは、私が生きている間は無理なんじゃないかな。,陸上
私が好きなスポーツは野球です。理由は小さな頃から関わっており、個人の力が無くてもチームの仲間と力を合わせれば試合に勝つことが出来るし、仲間と勝った時の喜びを分かち合える素晴らしいスポーツだからです。また1人では出来ないスポーツでみんなで1つの目標に向かって練習するので、どんなにきつくて諦めそうになっても仲間がいるので頑張れます。プロ野球選手で好きな選手は松坂大輔です。何故好きかと言うと、甲子園でエースとして大活躍していますが、そのほかにも野球を楽しんで笑顔でプレーしている姿がとても印象に残っています。また、決勝でのノーヒットノーランには鳥肌が立ちました。,野球
野球が好きです。野球は一人では成り立たないスポーツなのでチームメイトが団結してお互いをよく理解し時にカバーし合い勝利に向かう姿がとっても魅力的だからです。特に高校野球が大好きです。高校球児はとても純粋なのでプロよりも勝利を目指す懸命な姿勢と熱意を感じます。そしてピッチャーがコンディションが悪くなると他のメンバーがそれをカバーする為に懸命にプレーをしていてチームワークの良さを1番感じるスポーツだからです。私はイチロー選手が大好きです。あんなに凄い選手なのに常にトレーニングを怠らず自分に厳しく現状を甘んじないところが素晴らしいです。最初はそれほど注目されていない選手でしたが、努力の成果で世界レベルの選手にまで成長して、努力の大切さを教えてくれました人だからです。,野球
つい見てしまう「サッカー」の試合。熱心な家族の影響で好きになりました。日本代表でも、Jリーグであっても、応援しているチームが負けるとあからさまに不機嫌になり、家の中が不穏になるため、そんなことに関わり合いになりたくないですし、いろいろ気を遣うのが実は嫌で仕方がないのが実情です。しかし、その反面、ゴールを割った時の達成感はひとしおで、自分の事のように喜んでしまいます。サッカーの魅力は、団体競技なのにも拘わらず個人的な要素も溢れているところです。特に最近の代表選手は、小柄な人が多い反面、美形の人が多く、見ていて美しく楽しみです。南野選手や伊東選手、それに続く美形選手達が見て楽しめます。前のワールドカップ代表の選手層は大柄で個性的な人が多かったのですが、今回の人達は、小柄、美形。変人と言ったところです。リーダーシップをとれる人が少ないようなので、前メンバーの出所はそのあたりかと思っています。,サッカー
大人数でチームワークを学べるスポーツとして子供の頃から慣れ親しんできたのはサッカーです。キャプテン翼世代としては、現在ヨーロッパなどで当たり前のように日本人の選手が活躍をしている姿は嬉しい限りです。好きな選手は昔も今もメッシが一番です。サッカーの魅力の一つは、統一感だと思います。実際に1点を取る場合最後にボールに触れるのは1人ではありますが、そこに至るまで仲間が繋いでくれたという統一感は他の団体競技にはない楽しみ方になると思います。世界の競技人口もトップクラスのスポーツですので、ボールさえ持っていけばどこでも遊べるイメージがあります。,サッカー
陸上の長距離種目は、自分で走るのも、テレビで観戦するのも大好きです。実家の近くで練習していた大学が箱根駅伝に出場したのがきっかけで、長距離を好きになりました。箱根駅伝では毎年、シーズンベストなどをチェックしながら予想をするのが楽しみで、その熱に少し周りから引かれています。基本的には走るだけですから、細かいルールなどは何もありませんので、興味さえ持てば誰でも気軽に応援できるスポーツだと思いますし、家族と話しながらのんびり観戦できるのも魅力ですね。特に好きな選手は佐藤悠基です。30代半ばになりましたが、20代の選手に負けない力を維持しており、まだまだ日本陸上界を引っ張ってもらいたい存在です。,陸上
打った時の充実感が高いラケットスポーツとしては、ソフトテニスが随一だと思います。日本生まれの競技であることは一般の人にはあまり知られていないかもしれませんが、世界トップレベルの技術を長年維持している事は世界に誇れると思います。魅力の一つとしては、ラケットが軽いので体力に自信がない方でも続けることができます。好きな選手は船水選手で、彼の技術は世界で五本の指に入ると思います。また硬式テニスのボールは使い捨てですが、ソフトテニスのボールはゴム製の耐久力のある物ですので空気が抜ければまた入れなおすという具合に経済面でも長く使えます。,テニス
最近、野球に興味を持つようになりました。理由は何といっても大谷選手です。ピッチャーとバッターの両方で、トップレベルの実力を有しています。どちらかに専念すれば、サイヤング省、またはホームラン王をとれるほどの実力です。野球の常識をぶち壊すというか、ゲームや漫画の世界のことを成し遂げようとしているわけで・・。日本の若者が、本場アメリカでバリバリ活躍しているのを見るのは本当に面白いです。野球は、ルールも簡単ですし、ほかのスポーツと違ってのんびり見れるのも魅力ですね。ポップコーン片手に、映画を見るような感覚で毎回楽しませてもらってます。,野球
日本人にとって、手軽に遊べるスポーツとしては卓球だと思います。日本ではボーリング場やゲームセンターなどに当たり前のように設置されていますし、特に最近は長年高い壁だった中国選手に勝つような日本人が男女ともに出てきた事で競技スポーツとしての人気も出てきました。好きな選手は石川佳澄選手です。同郷ということで彼女が小学生の頃から応援しています。最近では人気が出てきた事によって、卓球教室も街中にチラホラ見るようになってきたり、ラケットのラバーなど専門店でしか買う事ができなかった用具も手軽に買えるようになったのが魅力の一つになりました。,卓球
ゴルフが好きです。そもそも父親がゴルフ好きで、毎週末はほぼゴルフ…父親がいなくて寂しい時もありましたが、何かしら景品をもらってくるので家族全員それを楽しみにしていました。その後私は社会人になり、いつか父親と一緒にラウンドしたい！と考え、中古のクラブを買って練習し…初めは全く当たらず、意地になって練習をしていましたが、当たり始めると飛ぶ！これは面白い！と虜になりました。結果、父親・私・私の夫3人でプレーすることができました。ゴルフは老若男女問わず楽しめるスポーツです。私の父は74歳になる今もラウンドしています。私は夏はアブに刺されて大変な思いをしたり、冬はゴルフ場に着いてから雪のためにクローズになり、でもどうしてもプレーしたくて他のゴルフ場を探して即移動してプレーしたり…ハマります！ゴルフだけではなく、ゴルフ場での昼食＆ビールも楽しみです。最近はやはり渋野日向子選手が気になります。,ゴルフ
サッカーです。特にサッカーのJリーグは地域密着型のリーグですし、身近に感じることも出来るのでより一層応援にも熱が入ります。また、サッカーの魅力は観客を魅力するパスワークだったり迫力のあるシュートだったり観ていて熱中出来ることですし、各チームにそれぞれ違った戦術があるので、その戦術での戦いかたの違いなども楽しめる要素だと思います。自分自身サンフレッチェ広島のサポーターをしていますし、中でも青山選手が好きで特に応援をしています。スタジアムでサポーター同士が一体となり同じチームを応援するのは格別ですし、素晴らしいです。,サッカー
にわか「ラグビー」好きです。ワールドカップ後のコロナ禍で、すっかりご無沙汰してしていますが(実際、通常のリーグ戦の試合の楽しみ方が分からない)、好きな選手、田村選手、福岡選手、姫野選手、松島選手、リーチマイケル選手と書き連ねていくと、何だか感動が蘇って、またあのような試合を見てみたいと思います。ラグビーの魅力は、何と言っても紳士のスポーツらしい品の良い試合風景です。バックグラウンドのグリーンをはじめ、キックしてゴールするコンバージョンゴールの景色が雄大で素敵です。トライでの特典もエモーショナルですが、このキックでのゴールの風景が一番ラグビーのスケールの大きさを表しているように思えます。なんだか盛り下がっているオリンピックですが、始まったら、祭りの前の静けさで、日本のみならず世界でも弾けそうです!,ラグビー
私の好きなスポーツはサッカーです。サッカー選手はかっこいいし、ルールわかりやすいから見ていて楽しいです。ゴールが決まるかどうかの瞬間のわくわく感はたまりません。いろいろなチームやユニフォームやグッズがあるところも楽しいです。サッカーは、オシャレを楽しみながらスポーツできるのも魅力的だと思います。ヘアスタイルやファッションなど真似したくなります。好きな選手は中村俊輔選手とメッシです。やっぱりシュートが上手な選手に憧れます。サッカーのシュートが決まる瞬間がめちゃくちゃ好きです。試合時間も長すぎないし短すぎないので、1試合見るとちょうどよく満足できるのがよいなーと思います。,サッカー
私が好きなスポーツはサッカーです。理由はまずモテます。特に学生時代は運動神経が高いという要素がモテる要因だったと思うので、多少ですが私も良い思いをさせて頂きました。またサッカーはチームスポーツなので人間関係の構築や協調性などの人間的成長が可能です。私は小学生の頃からサッカーをしていますが大人になった今でも、仲良く遊んだりしている友人はサッカー時代の友達が多いです。またサッカーは大学に入ってもサークルがあったり、社会人サッカーがあったり、Jリーグがあったりといわゆる趣味としても人生を充実させてくれるスポーツだと思うのでオススメです。運動不足解消にもなると思います。,サッカー
私は好きなスポーツはテニスです。理由はサッカーや野球と違い、チームスポーツではないので自分次第の努力で結果に直結できるので面白いですしモチベーションを保つことができます。幼少期はプロテニスプレイヤーを目指して習っていましたが大人になった今では、エクササイズのような感覚で定期的に体を動かしています。そういったスポーツだと思いますし社会人になってからもテニスきっかけで新しい繋がりができたので嬉しく思っています。好きな選手は海外の選手ですがナダルです。テニスプレイヤーとしての実力はもちろんですが、ルーティンが徹底されており生き方として学ぶことが多い選手です。,テニス
私は野球が好きです。子供の頃にイチロー選手の活躍を見てすごいなと思いそこから野球に興味を持ちました。見るのも好きですが実際に自分でプレーするのも好きです。バッティングで会心の当たりを打ったときの爽快感は堪りません。現在は見る方が多いですがテレビで見ていても鍛えられたプロのプレーは迫力がありすごいです。同じ人間なのにあんなに早い球を投げれるんだとかあんな飛距離出るんだとか感心しながら見ています。やはり最大の魅力は終盤の緊迫した場面での投手と打者の駆け引きですかね。ここで打てば試合に勝てるという状況なので手に汗握りますしお互いの選手の緊張感が伝わってくるのがいいです。,野球
サッカーが好きです。サッカーの好きなところは、単にボールの扱いがうまいだけでは勝てないところです。戦術や、ゲーム展開、さらにはファンの応援であったり、試合中の選手同士のトラッシュトークなんかも、試合結果に大きくかかわってきます。ほかのゲームに比べて、波乱やハプニングが起きやすいのもサッカーの魅力ですね。私が好きなサッカー選手は、久保建英選手です。日本の将来を背負っているといっても過言ではない才能に恵まれた選手だからです。今は、所属チームであまりよい境遇とは言えませんが、はねのけて、どんどん成長してほしいですね。,サッカー
メジャーリーグ野球(MLB)とその魅力について語らせていただきます。日本では野茂投手がMLBへの道を開いて以来、日本人選手が個人的にどんな成績をおさめるかばかりが注目されています。しかしMLBは100年以上の歴史があって、世界中の選手を受け入れている最高峰の野球の天才ばかりが集まるすごいところなんですね。個性的な選手のすごいプレイを見れるのが一番の魅力ですが、歴史を語ればそのままアメリカの歴史になっちゃうところも深いです。1960年代の公民権運動以前にアフリカ系選手を受け入れたのが自慢だということです。私の好きな選手はモリーナ捕手ですね。,野球
バスケット:私が好きなスポーツは経験則から、バスケットです。基本的には5対5もしくは3対3のスポーツなので誰一人としてサボる事ができませんので、自分に厳しくいられます。一人でもサボろうものならたちまた5対4の構図となり、不利になります。味方の目もありますので絶対手抜きできません。逆に味方チームメイトの手抜きも絶対に許せません！そして高校くらいまでは男女合わせた競技人口が実はかなり多いです。女子にも人気なので、最近ですとbリーグもデートコースとして人気です。自分もプレイしている、もしくはしていた女子なら尚更熱が入って観戦できるので他のスポーツよりもカップルで熱くなれます。やはり好きな選手は私世代ですと田臥勇太選手です。埼玉スーパーアリーナで行われたU20日本代表対アルゼンチン代表の試合を見に行きましたが、一人だけ群を抜いていました。パスのスピード、広い視野。永遠のヒーローです！,バスケットボール
◇好きなスポーツ名⇒サーフィン◇なぜ好きか⇒海と一体になれる◇サーフィンの魅力⇒最初は誰にもできないんです、サーフィンって。一枚の板で波に乗るってすごく難しいんですよ。でも練習を重ねているうちに少しずつできるようになる。そして、波のフェイスに立ってうねりに乗った瞬間に今まで生きてきて感じたことのない感覚に包まれるのです。絶対にサーフィンでしか味わえない感覚なんです。水面を一枚の板で滑る、その勢いで斜面を上がる、そしてまた降りる、この感覚はやってみないとわかりません。もちろん色んな技もありますが、まずは波に乗り事のすばらしさ、そこまでの苦労がすっ飛ぶ、最高のスポーツです。自然に感謝！好きな選手⇒五十嵐カノア、黒川日菜子、松田詩の、稲葉玲王、ケリースレーター,サーフィン
僕はスポーツの中でも野球が一番大好きで時間があればよくプロ野球の公式試合を見ています。ピッチャーの投げる球種はストレート、フォーク、ツーシームなどありますが各バッターに対してボールやストライクの先行度合いでどのような攻めをしていくのか見るのが特に楽しいです。バッターが球を芯に捉えて豪快にホームランを打つ瞬間やランナーが溜まって走者一掃のタイムリーが出る瞬間も非常にワクワクします。ピッチャーの継投やエラー一つで流れが変わるのがザラなので試合の最後までどちらが勝つか全く分からない面白さが野球にはあります。僕が特に好きな選手は広島カープの森下選手です。顔が童顔で可愛いですし制球力も抜群で鋭い球を投げられる広島カープのホープであり個人的に今年は15勝してくれたら嬉しいなと思っております。,野球
好きなスポーツはサッカーです。私自身はもともとほとんどのスポーツに興味がない人間ですが、サッカーだけは好きで、夢中になって見てしまいます。好きな理由は、なんと言っても観ていて飽きないからです。プロともなれば、ボールの行き来も激しく、あっちに行ったりこっちに行ったりと展開が早く、つい目で追ってしまいます。野球などと比べて、スポーツにあまり馴染みがない方にも観やすいところが魅力的です。なお、好きな選手は引退してしまいましたが、内田篤人さんです。イケメンなだけでなく、上を立てる人柄や自分をしっかり持っていらっしゃるところが素敵です。,サッカー
私の好きなスポーツはサッカーです。その中でも、特に高校サッカーが好きで、その魅力について語りたいと思います。高校サッカーといえば年末年始の風物詩で、「ふりむくな君は美しい」のテーマソングでおなじみの大会です。トーナメント方式の一発勝負の戦いで、「負けたら終わり」というＪリーグとは違った緊張感の中での戦い。そこが見ていて面白く好きですし、先輩や後輩などと選手たちが学校の看板を背負い、戦い、そして負けて悔し涙を流している姿を見るのも好きです。私の地元の高校が全国的な強豪校で強いので、毎年応援にも気合が入ります。地元や地域の方々も盛り上がり。地元と一体になって応援できる高校サッカーが好きです。　,サッカー
野球が大好きです。少年時代は広場や空き地があり、そろえたグローブやバットで思い切りプレーできる時代でした。ブラウン管から流れてくる画像は巨人戦のナイターです。1番センター柴田、2番セカンド土井、3番ファースト王、4番サード長嶋・・・いつものように中継が始まり、テレビの前に釘付けでした。翌日、学校で野球の好きなグループと前日の試合を振り返る。下校するとすぐに野球仲間が次々と駆けつける。時代は移り高齢者となった今でも野球となると、全身に活力が漲り熱くなる。情熱は今でも少しも変わらない。誰も居ない所でシャドーピッチングしたり、年季の入ったバットで素振りしたり。野球には何ともいえない魅力・魔力がある、観ているとつい引き込まれてしまうような不思議な感覚。「闘魂込めて」を聞いていると自然と体が反応している。坂本、岡本、菅野に期待している。今年こそ日本一奪還！,野球
好きなスポーツはバスケットボールです。中学時代にはバスケ部に入っていました。なんとなく入ってしまった部活でしたが、運動力が激しくダイエットにもなり、チームプレーなので仲間との絆ができるところが好きです。不慣れな方にもルールが単純で、わかりやすいところが魅力的だと思います。海外のチームですとゴールに手が届くような、とりわけ身長が高い選手も多く、プレーを観ていると大変迫力があり、臨場感を感じることができます。好きな選手は河村勇輝選手で、爽やかなところが良いと思います。まだ若くこれからが楽しみな選手です。,バスケットボール
バスケットが好きで、観戦はもちろん、実際にプレイも楽しんでいます。バスケットの好きなところは、試合展開が非常に早いところです。常に大きな動きがあり、常にスピーディな展開があり、常に選手同士がぶつかり合っています。バスケの試合で一番好きなシーンは、なんといっても残り数秒でのブザービートです。ダンクも見ていて気持ちがいいですが、ブザービートはそのはるか上を行きます。マイケルジョーダンは、このブザービートで伝説的なシーンを幾度も実現していて、私にとって永遠のアイドルなのです。マイケルジョーダンのシューズ、ユニフォーム、ポスター、本など、多数のグッズを部屋に飾っています。,バスケットボール
野球が好きです。野球の魅力は走攻守に関するアスリートとしての肉体的な能力が求められる点と同時に頭を使う戦略性も大きいチームスポーツである点です。子供の頃から日本のプロスポーツの定番としてテレビでもたくさん放映されていますし、子供の遊びの定番としても根付いているので、ルールもいつの間にか覚えていてすんなり見ることができることも大きいです。プロ野球のゲーム観戦はとても面白くて、野球選手ではメジャーリーグで活躍したイチロー選手のプレーは走攻守のどれを取っても超一流で見ているだけで興奮しました。現役では大谷翔平選手のプレーが異次元なので、これからの活躍が楽しみですし、彼のプレーを見るだけで価値があると思います。,野球
スキージャンプが昔から好きです。きっかけは1998年、長野オリンピックをテレビで見たことでした。飛型点などの細かいことは置いといて、基本的には一番遠くまで飛んだ人が勝ちというシンプルさ。野球やサッカーと違い、常人には決して真似できない競技であること。そして、日本人が強い。これらの理由で、長野以降もワールドカップや世界選手権を楽しみに見るようになりました。特に興奮するのは、200m以上の距離が出るフライングヒル。日本にフライングヒルのジャンプ台がないのが残念ですが、生身の人間がスキー板だけを着けて200m以上も飛んでいく姿は壮観です。好きな選手はやはり葛西紀明ですね。まだ現役ということ自体が奇跡ですが、是非金メダルをとってほしいと思っています。,スキージャンプ
駅伝が好きです。とりわけ、箱根駅伝のファンで、お正月には、家族そろってお気に入りの大学を応援させてもらっています。駅伝の面白いところは、必ず逆転劇があるところです。1位のチームがすんなり1位でゴールするなんてことはありません。体調の問題であったり、気候的な問題。さらには、予期せぬハプニングなんかも起こるため、目が離せないんですよね。あとは、駅伝は、その土地土地の風景が見られるのも面白いですよね。なんかちょっと、旅行したみたいな気分にも浸れます。ちなみに、駅伝選手で一番記憶に残っているのは、東洋大学の山の神こと、柏原竜二選手です。負けん気の強さが好きで、見ていると、こちらもなんだか強気になってしまいます（笑）。,陸上
好きなスポーツは野球です。子供の頃から家族がプロ野球を応援しており、テレビで観ていたことから、いつの間にかルールなどを覚えてしまったため、親近感があるので好きです。野球はファン層が幅広く、老若男女問わず楽しめるところが一番の魅力だと思います。特に仕事関係で出会う中年以上の男性には野球のことを振れば話が弾むこともあり、ちょっとした会話のきっかけになることも多く、助かっています。好きな選手は田中将大投手です。ニューヨークでの、才能と努力が花開いた末の華やかな生活など、私たちに夢を見させてくれる存在だなと感じます。,野球
フィギュアスケートが好きです。スポーツではありますが、芸術的な要素がふんだんに盛り込まれているのが大きな魅力です。そのため、運動神経がなく、スポーツはからっきしダメな自分でも、のめり込んで競技に夢中になることができます。氷上を滑らかに滑る彼らの演技は、心を洗われるようだと、ずっと見るにつけ感じ入っています。特に心身共に辛い時ほど、傷み荒んだ心が洗われるような気がし、様々な思い出が選手の思い出と重なって記憶に残っています。好きな選手は、代表選手となった人なら、全部すきです！現在の選手はほぼすべてがそれぞれ好きです。過去には、安藤美姫選手の重みのある個性的な滑りも好きで、五輪メダルを取ってほしかったです。外国選手なら古典的な男性美のネイサン。フランスのオネエ感漂うエイモズ、美しいロシアのコリヤダ!なんてみんな素敵なのっ!て思います。,フィギュアスケート
私が好きなスポーツは高校野球です。甲子園といえば春の選抜もありますが、やはり夏の風物詩。子供の頃にあの甲子園を目指して野球をやっていたので、今でも高校野球を欠かさず見ています。地元の高校をひいき目に見てしまいますが、地元の高校生を応援するだけでなく、白球を一心不乱に追う高校生の姿に毎年感動しています。好きな高校球児といえばやはり、横浜高校の松坂大輔選手です。特にPL学園との夏の準々決勝は今でも名勝負と伝えられるような伝説的な試合でした。しかも決勝ではノーヒットノーランを達成したまるでアニメのような松坂選手の活躍でした。今でも鮮明に記憶に残っております。,野球
好きなスポーツはフィギアスケートです。これまでの人生で、フィギアスケートを習い事でしている人などに出会ったことはなく、現実離れしており、非日常に連れて行ってくれる存在のスポーツだからです。選手も個性的な方々が多く、男性はイケメン、女性はかわいらしい方ばかりで、衣装も素敵なものが多いので、ビジュアル的にもとても楽しめます。特に女性には人気のあるスポーツなのではないかなと思います。また好きな選手は羽生結弦選手です。あれだけの高みにいる存在で、日々どれだけ努力しているのかと思うと、本当に頭が下がります。,フィギュアスケート
人生の中で最早欠かす事のできないスポーツとなってしまったのがテニスです。実際に自分でもテニス歴が30年越えてしまいましたが、一番の魅力は少人数で色々な年代の方と楽しむことができることです。最低2人いれば、2時間ぐらいはあっという間に過ぎてしまうほど熱中してしまいます。一見激しい運動と思われがちですが、ボールを返球する技術さえ身につけば、自分の動ける範囲内で充分テニスができます。また60代70代になっても自分のペースで競技を続けることができますし、健康促進で運動をしたいと思われている方にはお勧めできます。,テニス
国対抗戦で、得体のしれないサポーターと化している自分たち、シンプルなのに盛り上がれるのがサッカーの魅力。ゴールが中々入らない楽しさ。ポジションごとに役割が違いその連携がうまくかみ合ったときの勢いに身震いしてしまいます。攻撃と防御が目まぐるしく、身体能力だけでなく、頭をつかったプレーにうーん！とうなずいてしまう。あの短い瞬間に、どこまで予測して動いているのか、どれだけ首を振っているのかと、感動さえしてしまいます。泥臭い選手や、下手でも点をとってきてしまう選手の魅力、相手を捻挫させるようなクイック、切れ味鋭いドリブルを巻き戻して何度もみてしまうくらい中毒性もあります。富安選手、渡井選手が好きです。,サッカー
サッカーが日本で注目され始めたのが1993年のJリーグの発足です。その後、1994年のワールドカップ・アメリカ大会。いわゆる「ドーハの悲劇」で日本代表は出場する事が出来ませんでした。それから4年後のフランス大会。今度は「ジョホーバルの歓喜」でようやく日本がワールドカップに出場しました。結果は3戦3敗。4年後の日韓のワールドカップでは、グループリーグ突破…。その後色々あって現在に至る訳ですが、世界中の国と繋がり、世界中の人々が熱狂するスポーツは、サッカー以外ではあまりありません。他の国と比べると、まだまだ歴史の浅い日本ですが、サッカーが楽しめる国になって良かったと思います。その日本にサッカーを根付かせたスターといえば、三浦知良でしょう。昨今色々と叩かれていますが、彼こそ歴史です。,サッカー
"・サッカーが好きであるということ
学生時代やっていました。一人でも練習できるが決して一人のスポーツではない、仲間との絆が大事なスポーツです。
・なぜ好きなのか（好きな理由）
ボール一つあればみんなで集まって遊べて、プロリーグまであり、夢もあります。
自分でプレイできるも良し、プロのサッカーを見るもよし、色々な楽しみ方ができるスポーツだと思います。
・どのような魅力があるスポーツか
自分だけ上手でも勝てないし、チームが上手くても自分が足を引っ張ればダメ、皆で協力して一つのボールを
追いかけるのは、まさにチームプレイで人格形成にも役立ちます。点数の入り方もわかりやすくて良いです。
・好きな選手名
カズ、本田圭佑、メッシ、ネイマール、クリスチアーノロナウド、ロナウジーニョなど",サッカー
徳島に住んでいて、徳島ヴォルティスのホームの試合はほぼ全試合観に行っています。コロナ前はアウェーの試合も観戦していました。画面上で見るよりも実際にスタジアムで観戦する方が、スピード感や足元の技術の凄さを感じることが出来ます。元々サッカーに興味はなかったのですが、友人に誘われてスタジアムに行く機会があり、初めて試合を見た時に、選手の素晴らしいプレーに感動を味わい、そこからサッカーに興味を持ちました。岩尾憲選手がキャプテンなのですが、岩尾選手がいなければ徳島はJ1に上がることが出来なかったと言っても過言ではない選手です。岩尾選手のプレーの運び方は正確性が高く、考え方も尊敬出来る部分がたくさんあります。,サッカー
"Jリーグが発足したころから見ています。
好きになったのはスタジアムで実際に試合を見て、あの広いグラウンドを走り回っている姿がすごいなと感じました。
単純明快に、スピード感があるスポーツですし、ボールからは目が離せないのですが、ボールを保持している選手、その周りの選手だけではなくて他の選手がどういう動きをしているのかまで視野を広げるとさらに楽めます。
一瞬で攻守が逆転する目まぐるしい展開ががわくわくします。
また、日本代表が国際大会に出たときは、日本一体となって応援しているという雰囲気が好きです。
他のスポーツではなかなかないことですし日本人としての誇りを感じることができます。
好きな選手は三浦知良選手です。
今では出場機会は減りましたが、私が子供のころからスターですしいつまでもプレーしてほしいです。",サッカー
サッカーとは無縁だったのすが息子がサッカーを習い始めたのをきっかけに好きになりました。世界中でプレーされているスポーツで小さい子供から大人までボール一つあればできるのが魅力です。細かいルールはありますが、相手ゴールにボールをいれば特典がはいるという単純明快な内容もわかりやすいです。トップレベルの選手のプレーは足にボールが紐で繋がれているかのようにまとわりついて、芸術的で目を見張るものがあります。また野球やバレー、テニスのように点数制ではなく、時間でくぎられるのでダラダラ試合が続く感じではないのも良いです。,サッカー
Jリーグという物ができ30年近くたち今やサッカーは日本の人々にとって切っても切り離せない存在となりました。サッカーの好きなところといえば数え上げればきりがないのですが、しいていえばシンプルのように見えて実は奥が深いスポーツだというところでしょうか。ボールをゴールネットにいれればいいという単純な感じに見えますが、ゴールにつながるまでのプレーが重要でその方法は自由で方法は多彩にあります。しかし自由度が高い分常に適切な判断をしなければいけないため凄く頭を使います。そして見ている側もその方法を考え一緒に見ている人といろいろ議論しあえるのも魅力の一つです。,サッカー
大学生になってからフットサルを始め、サッカーに関心を持つようになりました。最初はなかなか思うようにプレーできず難しかったですが、基礎的なことを練習するうちにだんだんと上達するのが自分でも分かり、初めて試合でゴールを決めた時にとても気持ち良く、チームのメンバーと喜びを分かち合えた時にサッカーが好きになりました。サッカーは試合の展開が早く、一瞬の隙からゴールが生まれるので、プレーしていても見ていてもスリリングな協議で、一瞬も気が抜けずとても魅力的に感じます。メッシ選手のプレーが大好きで、ドリブルやシュートをとても簡単そうにしているけれどレベルが高くて1人だけ次元が違う感じでボールを持っただけでワクワクして応援しています。,サッカー
私がサッカー好きなところは、キーパー以外は手を使わずに足や頭、胸などの体の部分を使ってボールをコントロールし、遠くから見るとまるで磁石でくっついているかのような人間離れした技術を堪能できるからです。選手によってもドリブルのタイプが違ったり、トラップやシュートの癖も違うので見ていてとても面白いです。競技自体はかなりシンプルなルールで相手のゴールにボールを蹴り入れることができたら一点獲得という誰が見ても分かりやすいところもサッカーの魅力だと思います。あるチームが攻めていたと思ったらいつの間にかボールを奪われてあっという間に攻めこまれてしまうなど、一瞬で形勢逆転が起きるので目が離せない緊張感がたっぷりなところも好きです。,サッカー
"サッカーの一番の魅力は、ボールが一つあれば多くの人と楽しめるスポーツだという点です。ルールも簡単なので初めてボールを蹴る人でも、楽しめます。
プレイする際の魅力としては、無意識のうちに広いグラウンドを走り回るので子どもは体力をつけることにつながりますし、大人は運動不足解消になります。
サッカーを観て楽しむときの魅力としては、終了時間が決まっていることです。その後の予定も立てやすいのが良いと思います。
好きなサッカー選手は、本田圭佑さんです。見た目が格好良いだけでなく「有言実行」で、内面まで素敵だと思います。目立つ存在なので批判されることも多いですが、その批判さえ跳ね返すメンタルの強さも格好良いです。",サッカー
"少年のころは「キャプテン翼」を始めとする数々のサッカー漫画があり、外で遊ぶ手段としては野球と同じくらいメジャーなスポーツでした。
サッカーボール1つがあればどこでも楽しめますので、よく友達と遊んだ記憶があります。
スポーツとしての特徴を考えると、スピーディーな点が好きな理由の一つになります。また、もう一つ好きな理由を挙げるとすれば「得点が入りづらい」点になります。得点が入りづらいからこそ１点を争う緊迫感があり、また得点した時の興奮は他のスポーツにはないと思います。
また、男女問わず楽しく遊べるのも良いですね。",サッカー
"国内の試合を観ることはほとんどないのですが、ワールドカップを観戦することは大好きです。
それは、国内で最も強い選手が登場して、それぞれの国の強く注目された選手が出てくるので面白いと感じます。
実は、サッカーのプレイルールなど詳しくないですが、ゴールに入れば一点入るという簡単なシステムは理解できるので応援しやすいです。
また、プレイヤーごとの個性的なスキルなどワールドカップになると観ていてワクワクするし、ゴール間際に来るとドキドキもして、非日常感を味わえます。
日本は世界的にみて強いチームとは言えませんが、日本ならではの技があり、それが通じて良い成績を収めたりするとやはり日本人として嬉しく思います。
ワールドカップの時期になるとサッカーを観て応援することで仕事のストレスも吹きため非常に観たくります。",サッカー
サッカーの好きなところは、まずサッカーファンとしてはスタジアムの解放感です。応援に行くとピッチの芝生の美しさや歓声などが融合して劇場に行くようにワクワクさせてくれて嫌なことも忘れてしまう空間が素晴らしいと思います。そしてルールが単純なので知らなくても誰でもみんな一緒に楽しめるというところも良いです。また、プレーヤーの観点からはボール一つあればいつでもどこでもプレーできるというところ、チームとしては監督の戦術や手腕で同じ選手を使っても全く違う成績になってしまうのも面白いところです。好きな選手は海外ではクリスティアーノ・ロナウド選手、日本では板倉滉選手を応援しています。二人ともドリブルが上手く得点感覚に優れているところが素晴らしいです。,サッカー
"子供のころからサッカー部に所属していたので、やるのはもちろんですがサッカーを見るのも好きです。Ｊリーグや高校サッカーも見ます。
特に高校サッカーは一発勝負のトーナメントなので、いつもドキドキしながら見ています。地元の高校も良く出るので応援にもさらに力が入ります。
好きな選手は、過去にはドリブルが得意な前園真聖選手や、キラーパスでおなじみの中田英寿選手です。
現在では、小さな体でも外国人に当たり負けしない久保建英選手が好きです。
サッカーの醍醐味といえばやはり攻撃です。ドリブルを中心とした個人技や華麗なパスワーク。見ていて楽しい魅せるバルサのサッカー。
最近は高校生の技術レベルも昔と比べてかなり上がっており、見ていてすごく楽しいです。",サッカー
"私がサッカーを好きな理由はスピード感といつチャンスが回ってくるかもわからないというドキドキ出来る所です。
守勢であってもボールを奪えば攻勢に出られますし、例えばボールが自陣深くにあっても敵陣まで蹴り込む事は可能。
さっきまで防戦一方だったのに5秒後にはフォワードにボールが渡って絶好のチャンスに！という事が普通にあります。
これがあるのでプレイ中は目が離せませんし、押され気味であってもずっと観ていられます。

私の好きなサッカー選手は中村俊輔選手。
ボールの扱い方は見事ですし、フリーキックはもはや神業の領域。
この人ならチャンスをモノにしてくれる！という期待を持てましたし、そしてそれを実現してくれた凄い選手です。",サッカー
スポーツ観戦の中でとりわけ好きな競技はサッカーです。特に、代表戦。日本は、FIFAランキングで言えば、50位前後をうろうろしている中堅よりも少し下の立ち位置ですが、これが、すごくいい！たまに、ランキング上位の国（フランスやアルゼンチン）に勝つこともありますし、なんといか成長の過程を楽しめるんですよね。まだまだ国際舞台で優勝するような実力はないと思いますが、近年では久保選手（個人的に一番好きな選手）や中井選手など、超一流の名門（レアルやバルサ）でもまれてきた選手が出てきています。この先の彼らの、ひいては日本代表の活躍が楽しみで仕方ありません。,サッカー
勝ち負けのシステムがシンプルであるところはサッカーの最大の魅力のひとです。ゴールマウスにボールを入れればいいという単純さは誰が見てもわかりやすいでしょう。世界でももっとも人気があるスポーツであるという所以です。一方でその単純明快なゴールがなかなか入らないところがスポーツとしての醍醐味であると思います。また、広いピッチに１チームが１１人というのも絶妙のバランスで、攻守に渡って様々な戦術やテクニックがあり、俯瞰して見てみると非常に奥が深いスポーツです。スピーディでクリーンな試合は観ていて時間を忘れるくらい引き込まれます。私は地元にJリーグチームがあるのでサッカーは特に大好きです。好きな選手は徳島ヴォルティスの岩尾憲選手です。,サッカー
"サッカーは個性が出しやすいスポーツなので、とても見やすく大好きです。
試合中は、攻守ともに、選手が小さいころから努力してきたことや、チャンスが多く見られ、時間と共に変化していくので、その個性の主張が大変魅力です。
特に、最年長で、今も走り続ける、三浦知良選手は、幅広いファンサービスと、長年の大きな結果を、持ち続けるカッコよさがあり、たまりません。
この選手ほど、老若男女、男女問わずに、好感を持たれる選手は珍しいのではないでしょうか。
悔しがる場面も日に日に増えてはいますが、こちらも出来る限り応援していきたいです。",サッカー
"サッカーの魅力を説明するのはこの文字数では収まらないので、一点のみ語らせて頂きます。
サッカーはボールがあればどこでも行うことができます。
そのため、貧しい国や地域の人でも遊ぶことが出来、全世界の人に愛されているスポーツだと思っています。
たとえ国籍が違い、言葉が通じなかったとしてもボール一つあれば自然と打ち解けることができるのはサッカーだけではないでしょうか？
僕自身も海外に行った際に言葉が通じなくとも一緒にサッカーをプレイしたり、テレビで観戦したらする中で気がつけば仲を深めることが出来、友人をたくさん作ることができました。これぞサッカーの力だと実感しました。",サッカー
サッカーはプレイする側としてとても好きです。チームを組み仲良く作戦を練りながら競うことが出来るからです。1人っ子や遊ぶ相手がいなくてもサッカーなら自然とチームが形成される、この仕組みが好きです。また男女両方とも楽しめるスポーツでもあり、男女交流が増えます。皆と仲よくすることはいいことだし皆と汗を流すのもいいことです。私が子供のときサッカーはとても楽しかったです。相手にパスをするとき「自分がミスしてはいけない」という程よい緊張感があるのがいいです。自分がパスしたボールのおかげでサッカーが逆転勝ちになると嬉しいです。,サッカー
サッカーは好きでよくテレビで見ています。サッカーの一番の魅力はスピード感があるところだと思います。攻守の切り替えが早く、一瞬たりとも興奮が止むことがありません。またサッカーは点数が入りづらいので、ジャイアントキリングが起こる可能性が高い点も魅力として挙げられます。ワールドカップの日本代表のように下馬評で圧倒的に不利と思われているチームが、強豪の怒濤の攻めを必死で守り、一瞬の隙を突いてカウンターを浴びせ、勝利を収めたゲームも数多いと思います。本田圭佑選手など天才的なタッチでゴールを稼ぐ姿は本当に格好いいと思います。,サッカー
"自分は子供のころサッカーをやっていましたが、今思うと自由度の高いスポーツなんだと感じています。
作戦を決めて実際に試合する。その結果次第でやり方を変えたりする。それをチーム全体で考える事で凄い一体感を感じる事が出来ました。
そして勝つために行える工夫の自由度は限りなくあるスポーツだと思います。そこが自分はサッカーの一番の魅力ではないかと思うし、自分が好きな理由です。
最近、youtubeを通して那須大亮選手の大ファンになりました。
動画を見て、サッカー選手が何を思ってプレイしているのか。その一部を本人の声で聴くことが出来て感動しました。",サッカー
サッカーは他のスポーツと比べて運動量がかなり激しいスポーツですし選手同士の体の接触も多くラフプレーが多いまさに男らしいスポーツのらしい代表的なスポーツで観る側としては最高に盛り上がります！激しい攻め合いの連続ですけど得点はすごい入りにくいスポーツで1点にすごい重みがあって雰囲気は常に緊迫していて試合時間90分という短い時間の中に個々の技術や連係プレーを駆使した攻防が凝縮されていて見ごたえがあります。好きなチームの選手達が必死につないで相手のディフェンスをかいくぐって重い1点を手にした瞬間はすごい感動しますしスタジアムの雰囲気が興奮に包まれる感じがたまりません。,サッカー
"サッカーに興味を持ち始めたのはいわゆる「ドーハの悲劇」の頃。Jリーグが開幕し日本が本気でワールドカップ出場を目指し始めた頃からです。

サッカーが最も魅力的だと思うのは戦略の奥深さで、常に流動する11人と11人が、目まぐるしくフォーメーションを変えながらも秩序を守り、相手に勝利していく姿です。
味方の優れた選手を有効に生かし、逆に敵の優れた選手の良い部分を出させないという要素はチェスや将棋のような緻密な計算と奥深さがあり、時に戦力の足し算で言えば圧倒的に勝る相手に、弱小のチームが戦略によって勝利するといった楽しみもあります。
好きな選手もある意味「戦略的な」素養の強い選手で、ポジション的にはボランチや3～4列目くらい、遠藤保仁選手やイタリアのピルロ選手などが好きです。",サッカー
中学、高校と6年間サッカー部に所属しておりました。高校を卒業後も大学のサークルでサッカーをやり、社会人になった今でも職場の仲間とフットサルをやっています。プレイするのも見るのも好きで、Jリーグのサッカー観戦にも何度か行きました。面白いと思う点は、お互いが攻めたいと思う中で、様々な作戦を立てつつ思い通りにいかなく、常に次の展開が予測不可能で1秒たりともボールから目が離せなく、そんな中でゴールが決まると一気に盛り上がるところが面白いと思います。約90分という長い時間ですが、見ているとあっという間に終わってしまい、他のスポーツとは違い、90分もプレイしているのにゴールの瞬間はだいたい1回か2回ほどなので全く目が離せません。好きな選手は長友選手です。プレイスタイルも努力家の性格も好きです。,サッカー
"旦那さんが好きで一緒に特定のチームの観戦行くようになり、好きになりました。好きなところは、点を決めて選手、サポーターが一緒に喜ぶ瞬間です。なかなか点数が入らないからこそ点数が入った時の喜びは嬉しいですし立ち上がってしまいます！！
大人同士が1個のボールを必死に取り合いするが故にヘディングなどで怪我をしてしまったり、ファールを取られてしまったり、それでも勝利の為に90分ピッチ上を走り回るのは魅力的です。好きな選手はアビスパ福岡のエミル サロモンソン選手。走り回るのは勿論、インタビューでも必ず自分のチームの事を思っていることを話してくれて、とても好印象です。選手ではないですが、アビスパ福岡の長谷部監督も試合前のインタビューで必ず相手チームのリスペクトされてる所を言われるので人として尊敬出来ます。",サッカー
"最初は日本代表を応援するところからはじまり、今ではネットなどで海外のサッカーを見たり、Jリーグの観戦にも行っています。
サッカーの魅力と言えば、一つには「手を使えないところ」があるのではないでしょうか。
人間は生活においてかなりを手に依存している動物です。その便利な手をあえて使わせない。
しかしだからこそ、その不器用な足をできる限り器用に扱って相手に勝利しようとするという人間の限りない可能性を見ることができます。
「手」では考えられないような、あるいは「足」から繰り出されているとは思えないようなファンタジー溢れるスーパープレイの数々が飛び出し、人々を感動させます。
そんな魅力を感じさせるかつてのブラジルのロナウジーニョや、スペインのイニエスタみたいな選手が大好きです。",サッカー
"私自身サッカーを20年間近くプレーしており、現在もドイツでプレーしているほどサッカーに夢中で本当に大好きです。
ドイツに来てから、チームで勝利する喜びと楽しさをさらに感じるようになり、ドイツでは試合に勝ったらすぐみんなでビールを片手に騒ぐなどオンとオフの差がくっきり分かれていてそこでさらにチームメイトと楽しい時間が過ごせる、そういった所がサッカーが大好きな一つの理由です。
足が速い、キックが上手い、背が高い、などなど少ない能力ではなく多くの種類の能力が試合で生かせて、多くの種類がある分たくさんの人がその人にあった能力またはその人の持っている能力を試合で発揮して活躍できることがサッカーの魅力です。
私は試合で気持ちを前面に出して戦う選手が好きなのでセルヒオ・ラモス選手が好きなサッカー選手です。",サッカー
私は、小学校の時から地元のクラブチームに入ってサッカーをプレイしていましたのでサッカーが好きでした。今では、テレビで試合を観るだけになってしまいましたが、観ているだけのサッカーも面白いです。サッカーは個人の能力だけ高ければいいわけでもなく、チームの連携がとれていれば勝てるわけでもないと言う複雑な戦略性を、瞬間ごとの選手の判断で進めていくことに魅力を感じます。私の好きな選手は、内田 篤人がずば抜けて好きです。人柄、プレイスタイル、人気どれをとっても非の打ち所の無いスタープレイヤーだと思っております。,サッカー
サッカーの好きなところはいくつになっても楽しめることです。レベルなど関係なく草サッカーのように楽しむことも出来ますし、人数が揃わなければフットサルにしても良いですし、気の合った仲間とずっと楽しめるスポーツだというところが一番です。また、ボールがあれば子供と一緒にボールを蹴って遊ぶことも出来るし、子供に教えてあげることも出来るので、良いコミュニケーションツールとしても良いです。また、日本や海外のプロチームの試合や代表の試合など、上手い選手のプレイを見て、自分もあのプレイをやってみようか、などと考えながら見ることが出来るのも良いです。,サッカー
私がサッカーを好きな理由の１つとして、それぞれの国毎にプレースタイルに違いがあって面白さがあるからです。チームとしての組織力で勝つチームや選手1人1人の個人技や能力の高さで勝つチーム等様々な戦い方が見れます。サッカーを好きになったきっかけはJリーグの発足です。それまであまりサッカーに興味がありませんでしたが、日本のスター選手が活躍するのを見て気づいたらサッカーが好きになっていました。当時はヴェルディのファンで、カズ選手、ラモス選手、北澤選手、武田選手等の大ファンでした。それからワールドカップや海外サッカーを見るようになり、今はクリスティアーノ・ロナウド選手が一番好きです。彼のストイックさやゴールへの執着心、シュートの精度はベテランになった今でも衰えを感じる事無く素晴らしい選手だと思います。,サッカー
私は、サッカーが大好きです。初めてサッカーを観戦したのは、当時付き合っていた彼氏が、鹿島アントラーズのファンで、鹿島スタジアムにて観戦するのが趣味でした。それに付き合い、最も応援がさかんなゴール裏で初めて試合観戦をしました。すると、みんなで歌を歌いながら選手を応援したり、勝った時には、明るい言葉を応援席から選手へかけるサポーターを見て、楽しいスポーツだなと実感しました。また、サッカー選手をよく調べてみると、意外と自分と同い年のプロ選手が活躍していたりして、思わず応援したくなりました。私の、応援している好きなサッカー選手は、今は海外へ行ってしまったのですが、以前まで鹿島アントラーズに所属していた鈴木優馬選手です。クールに、一生懸命ボールを追いかけ、ゴールを決める姿に、好きになりました。,サッカー
"・サッカーが好きであるということ??単純に日本ではサッカー人口やファンが多く話の導入としてたくさんの人と繋がりやすいなと社会人になり身をていして分かりました。
・なぜ好きなのか（好きな理由）??僕自身小学校1年?高校3年までの期間の青春時代を全て注ぐことができるほどの情熱が消えなかったからだと思います。
・どのような魅力があるスポーツか　??老若男女分け隔てなく盛り上がれて、かつボールやコートも他の競技と違い大きいのでわかりやすく、何よりも点が入った時の応援しているみんなの一体感や声援などはまた観たいであったり、スタジアムに行きたいなという風になりやすいスポーツだと思います。
・好きな選手名??アザール",サッカー
私は、サッカーが大好きです。好きな理由の一つに、選手たちのチームごとにある雰囲気の差があります。やはり、いろいろいなチームの試合を見ていても、毎年Ｊリーグで上位に入っているチームは、何か才能を持った個人だけではなく、パス回しがスムーズだったり、ゴールをする前に信頼したチームメイトにアシストするような、チームの絆が強いチームが、強い気がします。これが、試合を見ていても、サポーターに伝わってくるので、ここがサッカーの魅力だと思っています。特に、川崎フロンターレは、この特色が強く、良いチームだな、強い理由はあるな。と感じます。また、川崎フロンターレは、サッカーだけでなく、地域貢献活動にも多く参加していて、そう言ったところもサッカーを好きになるきっかけになると実感しています。,サッカー
スポーツは全体的によく見るのですが中でも私はサッカーが一番好きです。野球やバスケ、ラグビー等も面白いですが、サッカーは他のスポーツと違って点が入りにくいので1点をいかに取りに行くか、またはいかに1点を取られずに守りきるかという攻防が見られます。ほとんどの試合が僅差のゲームになるので見ていて緊張感があり試合終了の笛が鳴るまでドキドキして見れます。見ていてもボールをゴールに入れてしまえば得点が入るというシンプルさも、子供の頃から見ていてルールがわかりやすかったです。好きな選手は引退していまずロナウジーニョ選手でボールが彼に渡るとどんなプレーをしてくれるのかとワクワクして見ていました。南米選手特有の独特なリズム感のあるフェイントとドリブルが大好きでした。,サッカー
私は、生まれて生涯サッカー部やサッカー少年団などに所属した事はありませんがテレビでサッカー中継があれば必ず見ますし、地元のクラブチームであるコンサドーレ札幌の試合を観戦しに行くほどサッカーが好きです。理由は個人ではなくチーム競技と言う難しく、フィジカルコンタクトが激しいスポーツでありながらフェイントなどの心理的な駆け引きもある所が魅力だと思います。好きな選手はセレッソ大阪の大久保嘉人です。大久保選手がU-23日本代表の時から応援していて、パスやドリブル、シュートのどれをとっても他の選手よりレベルが高くフォワードとして熱い気持ちを持っているのも観ていて応援したくなります。,サッカー
サッカーが好きです。好きな理由は、サッカーは球技ですが、時には格闘技にも例えられるほど、激しいスポーツで、選手が全員、全力でプレーするからです。ボールをゲットすると、全速力でドリブルして、敵の選手達を何人も抜いて行く、陸上選手のような足の速さ、そして直接シュート、又は、ちょうど良いところに構えている、仲間の選手にパスして、パスしてもらった選手がシュートを決める。サッカーの魅力は、攻めも守りも、全選手が、休む間もなく常に全力で躍動していて、シュートもいつ決まるか分からなくて、目が離せないところにあると感じます。サッカーは、なかなか得点が入りませんが、シュートが決まった時は本当に感動します。サッカーは本当にカッコいいスポーツだと思います。好きな選手は小野伸二選手です。,サッカー
よくテレビでスポーツの試合を録画も含めて放送しているが、あまり観ようとは思えない。しかしサッカーは別だ。観ていて面白いと思う。つまりは好きということなのだが、特にワールドカップは、全試合ではないが、1978年のアルゼンチン大会から観戦している。スピーディーな展開には興奮させられるし、巧みなボールコントロールには感動させられる。クライフはサッカーは美しくなければならないという哲学を持っていたが、実際彼のプレーは華麗だった。キーパーと1対技1になった時は、キーパーを抜いてからゴールしていた。技術的に優れたプレーは本当に美しさを備えている感じだ。世界で最も盛んなのも納得できる。,サッカー
サッカーの代表戦などをみるのが好きです。サッカーがすきな理由は、いくつかありますが世界のスポーツであるから国別対抗の争いがおもしろいからです。また、違う人種が同じフィールドでぶつかりあうのが興味深いからです。アジア代表のような体格で劣るチームでも、技術や戦術によって格上に勝利することができるという意外性をみれるからです。あとは野球やバスケットボールは始める前に勝敗がなんとなく予想できるが、サッカーは番狂わせがおこりやすくてハラハラするからです。あと足でものをけってゴールにいれるというスタイルが、野球などより人間の原点をイメージさせるから。,サッカー
私がサッカーを好きな要素はまず、誰でもボールさえあればできるということです。ほかの競技はさまざまな道具がないとできないものが多いですが、サッカーはボールだけなので公園でも出来るし、練習も1人でできます。また、頭を使いながらやるという点も好きな要素のひとつです。ポジションが流動的なので、自分がどの位置に居たら相手にとって邪魔か、どの位置にいたら自分たちの得点に繋がるのかを考えるのが面白いです。そのために個人技を磨いたり、過去の試合を見たりする時間もとても有意義で楽しいです。このようなただ体を動かせばいいと言うだけでなく頭を使いながらやる所が好きです。,サッカー
"私にとってサッカーの魅力は、個々の身体能力が見事にマッチして、チームプレイが一つの壮大なパフォーマンスに見えるところです。
どんなに一人一人の能力が素晴らしくても、決して仲間同士がお互いのことを分かり合えていなければとても敵とは戦えない。それは他のスポーツでも言えることかも知れませんが、お互いを理解し、次の動きを予想してパスを回していく一連の動作は、まるで芸術作品のようにも思えるのです。
たとえ点に結びつかなかったとしても、その流れるようなパスワークが見れた時は心が揺さぶられます。
上手下手関係なく、チームメイトと信頼しあいながら楽しめるということがスポーツでは大切ではないでしょうか。ぜひたくさんの子供たちにもプレイしてもらいたいです。",サッカー
サッカーは小学校低学年の頃から仲の良い友達同士で公園でやっていました。ただし、自分は体力的に弱いところがあったので本格的なサッカー部に入るのは断念して、もっぱらサッカー観戦するようになりました。サッカーの好きなところはゴールにシュートを決める姿が格好いいからです。Jリーグやワールドカップなどのサッカーの試合を観て、サッカーを魅力的に感じるのはゴールするまでに頭脳的なプレーでパスを繋いでゴール近くまでいかにしてボールを持っていくかです。ゴールキーパーが必死にシュートを阻止しようと体を張って止める姿も魅力的です。好きなサッカー選手は三浦知良選手です。54歳になった現在も現役という姿に勇気づけられるからです。,サッカー
"私がサッカーが好きなところは比較的同年代の女性が多くファンにいるところです。
おかげでサッカーについて友人と語りたい時にもサッカーなら同性に話す時でも引かれないのが良いです。

それどころかサッカーについて一緒に楽しく語れる同性が多いのが良いと思っています。
また家族も子どもがサッカーが好きというのもあってサッカーを通してコミュニケーションを取れるのも良いと思っています。

特にサッカーはイケメン選手が多いという点でもかなり魅力があると思います。
そのおかげでより一層応援したいという気持ちになれるのもサッカーはが好きなところです。",サッカー
"それでは、サッカーが好きなところを端的ではありますが述べさせて頂きます。
①『なぜサッカーが好きなのか』…個人的に一番プレーしていて楽しいと思えるスポーツだからです（技量はありませんが）。プレーしても楽しい、見ても楽しいと、メリットしかない気がします。
②『サッカーの魅力について』…なかなか点が入らないところだと思います。試合終盤や土壇場での逆転シュートなどは思わず飛び上がるほどに興奮します。あとは、愛国心が芽生えることです。ワールドカップはその象徴で、まさに国一丸となって戦う姿は感動モノです。
③『好きなサッカー選手』…スペインリーグ・ビジャレアルの【久保建英】選手です。野球の【大谷翔平】選手同様、世界を驚かせてくれる逸材だと思います。彼らの活躍は、生きる勇気や活力を与えてくれます。",サッカー
サッカーというスポーツの最大の魅力であり最も興味がひかれる理由は、世界中で広く愛されているスポーツであるということです。ボール一つあれば貧富も人種も関係ありません。ヨーロッパの小さな国でもしっかりと強いし、南アメリカ諸国はもちろんテクニックに優れ、アフリカ諸国も強靭なフィジカルを生かした面白いサッカーをします。日本を含めたアジア諸国も規律あるサッカーでしばしば世界を驚かせています。多くのスポーツの頂点がオリンピックであるのに対して、サッカーはワールドカップという世界最大の祭典があります。このワクワクする大会こどが私がサッカーを好きな最大の理由で、それがおそらく世界の誰もが感じていることでしょう。私の好きな選手はポルトガルのクリスティアーノ・ロナウドです。,サッカー
サッカーは日本だけでなく、世界的に最もメジャーなスポーツであり、ヨーロッパ、南米、アフリカ、アジアといった各国で盛んで、国同士が戦う国際試合の面白さも大きな魅力です。国を背負って戦う代表選手同士の戦いは本当に激しくて、特にワールドカップ本戦の試合はどの試合も白熱してとても面白いです。世界中のプロリーグも盛んで、特に世界の名選手が集まるスペインリーグはレベルも高くて面白いです。世界一のプレイヤーと言われるメッシ選手の試合は素晴らしい個人技を目の当たりにすることができ、彼のプレーだけで興奮しますし、実際にスーパープレーで得点もしてくれるので、見ているだけでワクワクすることができます。日本人もヨーロッパリーグで活躍しており、世界を舞台にしたスケールの大きさもサッカーの大きな魅力です。,サッカー
"サッカーが好きな理由はボール1つを巡り、多くの選手が走り、そのボールを奪い合うところが迫力あって好きなところです。あんなに広いグラウンドを走り、ジャンプし、ヘディングまでしてボールを仲間に繋いでいき、ゴールをするあの瞬間はドキドキと興奮します。

ゴールしそうなのに敵チームにとられてしまい、なかなかゴールできない。でも、選手の粘りと根気でまたゴールを目指すあのチームプレイと協力をし合う姿には感動します。

また、サッカーはドリブルの早さと瞬時に誰にパスすればよりゴールに速く、的確にボールを持っていけるかを選手が判断し、パスするその瞬間が魅力的。

そんな私の好きな選手は佐々木翔です。周囲を観察する力が他の選手よりも格段にあり、次にどうパスすればいいかを瞬時に判断できる能力を兼ね備えているなと思います。",サッカー
"様々な球技があるが、最も男らしいのはサッカー。
バスケとバレーは、背が高ければ圧倒的に有利なスポーツのためフェアではない。
テニスとバレーは、ネットで見方と敵が別れているため、ラフプレイになることは滅多になく盛り上がりに欠ける。
野球とアメフトはラフプレイもあるのだが、いずれも防具を付けて行うため男らしくない。
その点、ラグビーは男らしく見えるが、汗をかいた男同士でスクラムを組むのは見ていて不快。
サッカーは防具を着けず、時にはラフプレイに発展することもあり、見ていてワクワクする。
バスケ・バレー・野球・アメフト・ラグビー、これらはいずれも手を使う球技、一方、サッカーはキーパー以外、手を使わない。
プレイでは手を使わなくても試合後には敵と握手する、それが女の私には堪らず毎回キュンキュンさせられる。",サッカー
サッカーはやる方も見る方も大好きです。スポーツの中でも一番好きです。Jリーグが発足する前の、代表がアジアでも全然勝てなかった頃から大好きでした。サッカーは他のスポーツと違い、頭を使えば身体能力がなくても上手くプレーできる所が非常に好きです。一流のプロレベルになるともちろん違いますが、普通にプレーするレベルの話だとプレーレベルの自由度が非常に多く、頭とコツ次第ではボール扱いが全然上手くなくても活躍できます。それがわかった瞬間がまた楽しくて、それを研究するから観戦するという楽しみもあります。考えてプレーするもよし、本能のままプレーするもよしで、とても楽しいスポーツだと思います。好きな選手は、私がGKでプレーするのが好きなので川口能活選手が大好きでした。,サッカー
"サッカーが好きなところは上手い人が際立つ球技という点です。
上手い選手がボールを持つとずっと1人でボールをキープできたりするので見ていてかなり爽快感があります。

その点がサッカーの良いところだろ思っています。
またそれでいてチームの調和も保つ必要があるので独断でどんどん進めれば良いわけでもなくちょうど良いタイミングで味方に上手くパスするのも才能なので
そこでさりげなく上手くパスを出す選手を見るとかっこいいと思えるので自信の技術とチームメイトへの配慮ができる選手を見て素敵な選手を見つけるのが何気に楽しかったりするのもサッカーの魅力です。",サッカー
"サッカーの観戦が好きです。
現在のコロナ環境下でスタジアムに行って大声を出したり、歌ったりすることができないのは悲しいし
人がほとんど入っていない映像がテレビから流れるのを見るのは残念でたまらないです。
なぜ好きかというと、スタジアムで友人や同じチームを応援する人たちと空間を共有できるのが楽しい。
応援するチームのゴールが決まると。興奮して見ず知らずの人とハイタッチをしたり抱き合ったりする。
こんなことは日常生活の中ではありえない。
お気に入りの選手はベテランの域に達している遠藤保仁が好きです。
残された現役の時間は少ないと思うが、長く頑張ってほしい。",サッカー
世界中のサッカーファンとリアルタイムで盛り上がれるところが、サッカーの魅力であり好きなところです。個人的に、元リバプールのスティーブン・ジェラード選手が好きだったこともあり、有料ではありますが海外の試合を配信しているサイトに登録しており、今でも注目の試合は、時差の関係で眠い目をこすりながらもリアルタイムで観戦しています。そうすると、世界中のファンと一体となって、チャット等で繋がりながら応援することが出来ます。そのようなことが出来るのも、ボール1つあればプレーすることができ、世界的に人気の高いスポーツであるサッカーならではかと思います。,サッカー
サッカーは世界で一番メジャーなスポーツでもあり、一番単純なスポーツでもありますが、そこが奥深くて面白いところでもあり、やる方も見る方もその点で引き込まれるので非常に好きです。ボール扱いやテクニックの凄さ、身体能力の凄さ、走力やチームの一体感も楽しめますし、数多くのドラマを生むスポーツでもあります。世界中で楽しまれているので地域ごとに特色がでるのも面白いですし、スポーツの中でも一番真剣身が出て、本当の真剣勝負を味わえるのも醍醐味の一つだと思います。特にワールドカップは歴史がありオリンピックよりもメジャーな大会として位置づけられる真剣勝負で大会ごとに非常に楽しみです。好きな海外の選手はたくさんいますがブラジルのロナウドの全盛期がものすごくて、今でも忘れられないくらい好きでした。,サッカー
"ボール一個あれば他に道具がいらず、いつでもどこでもできるスポーツであること、だからこそ世界で最も普及していて、世界中の人と盛り上がれる点が大きな魅力です。
ほとんどの国が本格的な代表チームを持っているので、ワールドカップ予選や、ヨーロッパ、アジア、南米等の各選手権における盛り上がりが半端じゃなく、他国同士の試合でも注目して見てしまいます。
ワールドカップはその集大成で、地球上最大のスポーツイベントだと思いますね。
また、他の球技と比べると「オフサイド」の説明が少し難しいぐらいで、基本的にシンプルなルールで構成されていて、初心者にもとっつきやすい点が良いところです。
現役で好きな選手は三浦知良選手です。私の父親ぐらいの年齢ですが、そのストイックさは見習う点が多いです。",サッカー
"私はスポーツの中で1番サッカーが大好きです。
サッカーはまずやっている人が多くて世界中で
愛されているスポーツだと感じます。
サッカーはボールが有ればすぐにできるし、点数は
一点しか入らないので複雑ではなく、とても見やすい
スポーツだと思います。
サッカーは得点を奪うだけが全てではなく華麗な
テクニックや驚くようなドリブルもあって
人を魅了する事ができるスポーツだと思います。
私が1番好きなサッカー選手は本田圭佑選手です。
日本代表としても活躍して世界的にも実力のある選手だと
認められています。
カリスマ性もあって素晴らしいプレーをしてくれるので
ずっと見ていても全然飽きません。
これからもずっとファンでいたいなと思います。",サッカー
"サッカーはルールがわからないという人が結構いるけど、一部分ずつ覚えていくとみるのが本当に楽しくなる。ボールを持っている人だけでなくて、持っていない人の動きも注意深く見ていると意味があったりその先の攻撃につながったりする。
またサッカーはアイドルと違って毎日の練習を見守ることができるので、選手に愛着がわきやすくチーム全体を好きになれる。
毎日継続してみていくことで成長もわかりやすい！できないことを何度も何度も練習して、少しずつ成功するようになって、試合で成功したときには感動するし、応援している自分も頑張ろうと思えます。",サッカー
"どんな国の人、年代の人でも簡単なルールを覚えればすぐに始められるのがサッカーの魅力です。それに、他のスポーツよりも喜怒哀楽が出るスポーツで、サポーターが一丸となって楽しめる。

気持ちを歌に込めて応援できるサッカーは勝つと心から喜べるスポーツです。より愛国心を表現し、感情に込めて出せるのもサッカーならでは。

また、お洒落好きも納得できるウェアもお洒落で格好いいのも魅力的で好きなところ。

簡単にプレイしてるようで、監督の戦術がよくマスターし、出すチームはとくに格好いいし、惚れてしまいます。

あと、サッカー選手で好きなのは堂安 律です。表情にあまり辛さというものを出さず、黙々とプレイをするところが格好いいです。彼はドリブル姿に乱れがなく、一度決めるとそこへ迷いもなくパスできるところが男らしく、好きです。",サッカー
サッカーの好きなところは「個人技とチームプレーの融合している」ところです。選手に能力があっても、チームプレーができていなかったり、監督の手腕が悪かったりすると、モロに試合に出てくるところが観ていて面白く感じています。サッカーは、プロの試合を観ることが面白いだけではなく、サッカーボールひとつだけあれば、子供と蹴り合いして遊ぶこともできるのもサッカーの好きなところでもあります。蹴るだけでいいので、小さい子供でもできるスポーツだと感じています。スポーツの中でもボールひとつあればできるのはサッカーだけじゃないかなと思っています。,サッカー
私はサッカーが好きです。理由は2つあります。まず１つ目は皆で盛り上がれるスポーツだからです。特に、4年に一度開催されるワールドカップは、スポーツバーなどで観戦すると周りのサッカー好きな方々と一緒に盛り上がることが出来ます。2つ目の理由としては、日本人選手が海外に挑戦しようとするチャレンジな姿勢を見ることが出来るからです。これは私にとっての魅力でもあります。例えば、最近で言えば、私が応援している南野選手(現サウサンプトン)が世界最高峰のリヴァプールというチームで奮闘する姿には心打たれました。他の外国人選手とはフィジカルの差や言語の壁がある中で奮闘する姿は素晴らしいと思います。それを見て、私も普段の仕事を頑張れています。,サッカー
"私がサッカーにハマったのは2004のチャンピョンズリーグ、リバプールが逆転優勝をした試合を観戦していたことからでした。その時の主将でありジェラード選手は私のアイドル的存在でした。
サッカーは得点が入りづらいスポーツですが、だからこそチームが組織的に連動してゴールが産まれた瞬間は他には代えがたい興奮や感動が得られると思います。
中でも私がサッカーで好きな瞬間は、いくつものパスを繋いで相手の守備を掻い潜りゴールを奪うシーンです。現代サッカーは非常に組織的であり戦略的にになっていますが、
その戦略の中で選手がとっさに閃いたアイディアを表現し、それを味方が理解し連動する姿は、練習から積み上げたものの発露であり、努力が報われる瞬間として非常に感動的です。",サッカー
サッカーというスポーツはもう歴史があって日本でしJリーグが発足してからかなりの年月が経ち面白い点はやはり戦術とか監督がどうやってやっていくのか楽しみな所は足だけでやるスポーツでやはりシュートシーンは格別で海外サッカーもスタイルが皆違ったりしていてワールドカップなどは国を背負って戦うのでとても見ごたえがありjリーグも自分は三浦知良が好きでして一時代を背負ってきたプレーヤーで今なお現役としてやっている所が好きでサッカーの醍醐味はパスをつないでいったりとかポジショニングなどを見ています。雨の日も雪の日もするのでとてもすごいと思います。,サッカー
サッカーは、地域色が強いところが好きな点です。千葉のように同じ県内でも複数のプロチームがあり、より深い地元愛でチームを応援することが出来ます。個人的に好きな選手は昨年引退した増嶋竜也選手ですが、複数回移籍を経験した増嶋選手も、最後は地元のチームで終えたいということで、悩んだ結果ジェフ千葉での引退を決断したそうです。選手もそのような思いを持っているので、ファンの方も、自分が生まれ育った地元や、いま住んでいる街のチームを応援することが多く、その愛は深まります。そのような魅力があるところが、私がサッカーを好きなところです。,サッカー
ずばり、個人技の美しさと、各プレーヤーが一緒にプレーして、ゴールするまでの、ボールの流れにあると思います。選手同士のプレーの連携が生み出す個々人の技術からうまれるゴールシーンはみものです。また、メッシなどの特質される選手のボールの扱いついては、「あんなプレーができる」のかと、感心、驚きさえ生まれます。サッカーはサーム戦です。そして、個人スキルの高い選手は、おのおののポジションをそつなくこなします。そして、個人スキルの高い選手がそろったチームには、選手を動かす監督の戦術が必要になります。もちろん、そこには相手チームの戦術の裏をかく、監督の技量が発生します。美しいプレーからうまれる試合感がサッカーの魅力です。,サッカー
"サッカーはバスケや野球など他のスポーツとは違い1点を取りにいく時、大きなコートを11人でパスを繋ぎながらじっくり攻めていくスポーツなので展開がとても大事でじわじわゴールまでボールを詰めていくところが私はサッカーの魅力でもあり大好きです。
サッカーの試合を観ていると選手がみんな楽しんでプレーしていて見てる側もわくわくしながら観戦出来ます。
どのサッカー選手も大好きですが私はやはりゴールキーパーの
川島 永嗣選手が大好きです。
点数を許すとゴールキーパーのせいになりがちですが川島 永嗣選手はそのプレッシャーにも負けず必死に日本のゴールを何度も守ってくれました。その精神力とあの気迫に満ちた表情はサッカーを観戦する人の心を揺さぶります。
こんなにも熱くなれるサッカーは本当に凄いと思います。",サッカー
わたしはサッカーが好き。ジュビロ磐田が身近で応援しています。なぜサッカーが好きなのかというとひとつは観戦していても楽しいから。あの独特な気持ちよさ･･･これは野外の開放感ですね。それからその場の空気感。健康的というかすがすがしいですし、贔屓の選手が出場している時なんて時間を忘れ夢中になってしまいます。サッカーの魅力は「自由」でしょう。攻めても守ってもいい自由がサッカーの魅力。選手それぞれの魅力がよく分かるスポーツです。フィールドの中ならどこに行っても良いですよね。自由さを感じられるサッカーは見ているこちら側の気持ちも解き放してくれます。好きな選手は遠藤保仁。年齢的にきついとは思うが才能がありまだまだ期待できるでしょう。,サッカー
私はサッカーはプレイをするのではなく、観戦するのみですが、試合が白熱するとスタジアム全部で盛り上がる雰囲気が大好きです！家族もみんなサッカー大好きで、観戦も、プレイもしますが、特に主人のサークルの練習試合を見に行って家族みんなで応援するのが楽しいです！家族の一体感、会場の一体感、子どもととにかく盛り上がり、がんばって活躍している主人を子どもも尊敬するようです。うまくなくてもみんなで楽しめ、観る人もプレイする人も一緒に楽しめるところがサッカーの魅力だと感じます！サッカー好きがもっと増えると嬉しいと思います！,サッカー
"サッカーは、もともとあまり好きではありませんでしたが、大学の体育の授業でサッカーを行ってから好きになりました。
サッカー部の友達が、ボールを自由自在に動かし、相手をすいすいかわしていく姿がとてもかっこよく、好きになりました。
パスやシュートも好きですが、私は特に、PKになった時の緊張感が好きです。前半、後半と長い時間をかけて、それでも同点でやっとたどり着いたPK.。チーム全員が一つになり、肩を組み、ひたすら祈る様子は、なんとも胸が熱くなります。
私は、女子サッカーの猶本光選手を応援しています。海外を経験し、確実にレベルアップしていく彼女を、これからも応援したいと思います。",サッカー
サッカー日本代表には心が熱くなります。小さい頃からサッカーをやっていた人間にとって、自分達より上手い人たちが地元のヒーローであり、さらにその中の特別な人たちしか日本代表になれません。まるで、自分達の努力の積み重ねがサッカー日本代表を強くしているような気もします。戦っているのは代表選手たちですが、その中の魂みたいなものは少しずつ自分たちの分が混ざっているような気がします。サッカーは盛んな国が多く、様々な国と対戦する事ができます。もはやポールを蹴り合う競技から国同士の文化のぶつかり合いとも言えます。なぜなら自分達の分身が国の誇りを胸に戦っているのですから。,サッカー
　ワールドカップで日本が出場した時、TVで渋谷のスクランブル交差点が移ってみんなで応援している雰囲気が大好きです。TVのバラエティ番組やCMもサッカー一色になって盛り上がる雰囲気がワクワクします。サッカーの選手はイケメンが多いので街中がイケメン選手のポスターでいっぱいになるとサッカーの試合の録画予約をしようという気になります。私は他に将棋のイケメン棋士を見るのも好きなのですが、将棋もサッカーも頭脳を使って相手陣を攻略するところが似ています。イケメン選手が頭脳を使って戦う様子を観戦するのがとても楽しいので、サッカー観戦は面白いですよ。,サッカー
"サッカーが好きということは友達を大切にできる。
なぜならサッカーは１人ではできない中間と共に行うスポーツだからです。

なぜサッカーが好きかというとサッカーには２つの大きな魅力があるからです。
まず１つはドリブルで相手陣地に切り込み、ゴールを決めるという華麗な個人技、もう１つは息の合ったパスワークから生まれる素晴らしいプレイです。

守備陣は目立ちませんが欠かせない存在なのはもちろんです。
ゴールキーパーによる素晴らしい反応のセービングや相手アタッカーとの激しい競り合いをするディフェンスも大きな魅力だと思っています。

私が好きな選手は元スウェーデン代表のイブラヒモビッチです。",サッカー
サッカーは、ゴールキーパー・ディフェンダ―・ミッドフィルダー・フォワードなどポジションごとに役割があり、それぞれにやりがいがあるので大好きです。特にフォワードとミッドフィルダーのポジションは攻撃面においてお互いの連携が大事なため、ミッドフィルダーとフォワードの上手な選手のボール回しを見ているとワクワクしてしまいます。サッカーの上手さだけではなく、互いの信頼があるからこそできるのであって連携と信頼が勝敗に左右することも好きな理由の一つです。好きなサッカー選手は中田選手で、司令塔としてボール回しには感動を覚えた記憶があります。,サッカー
"サッカーをプレイすることは学生時代は体育の授業で良くありましたが、今はテレビ観戦ばかりです。
地域ごとのチームについての情報には疎いですが、ワールドカップの観戦が大好きです。
日本の強い選手たちが集まって、計画を立てて格上の選手に挑む試合を観ていると、とてもワクワクして楽しい気分になるからです。
また、長い試合時間ですが、テレビの前で集中して観ることができるほど選手一人一人のスキルが高いところ、選手それぞれの人間観に触れることも好きです。
この時は、仕事での話題もサッカーばかりで、コミュニケーションのツールにもなり、話が弾みます。
私は本田圭佑選手が好きです。
絶対弱音を吐かない、常に前向きで自信満々なところは非常に魅力があります。",サッカー
限られた時間の中で、攻撃と守備が目まぐるしく変わり、さまざまな流れやターニングポイントによって試合展開が大きく変わるところなどが、大げさかもしれませんが人生そのものにも似ているように感じられ興味をそそります。それがカテゴリーやレベルに関係なく感じられ、レベルが高ければ高いなりに、低ければ低いなりにそれぞれのストーリーがあり、どんなカテゴリーの試合でも観戦していると色々なことが感じ取れます。スタジアムの雰囲気、応援するサポーターの雰囲気、クラブの運営方針や志向するサッカーの内容、選手の個性、チームマスコットにまでクラブ特有の色があり、そこからクラブ所在地の地域性やその地域に住む人々の人間性まで感じ取ることができ、それらのぶつかり合いを観るのが楽しいです。,サッカー
サッカーは戦略性と個人技の両方の魅力を楽しむことができる競技として大好きなスポーツです。90分の間、攻守が目まぐるしく変わる展開もとてもスリリングで面白いですし、精度の高いパス、トラップ技術、何人も置き去りにするような素晴らしいドリブル技術など見どころも満載です。中でも一番興奮するのはゴールシーンですが、サッカーは得点がなかなか入らないスポーツなので、1点の重みが大きく、得点シーンは他のどのスポーツよりも興奮します。日本人も海外に負けないくらい技術も向上しており、日本代表の試合は本当に興奮して面白いですし、特にワールドカップの最終予選はいつも手に汗握る展開になるので、毎回とても楽しみにして観戦しています。今日本で好きな選手は長友選手です。,サッカー
サッカーが好きな理由はいくつかありますがまず、モテます。特に小学校?中学校ぐらいまでは運動神経がいいという要素は持てる要素だったので結構モテました。また私の場合は高校へもサッカー推薦で入学したのでサッカーのおかげで道が開けたと思っています。チームスポーツなので協調性が育まれますし逆に自分のプレーをアピールするために主張する力も育まれると思います。人間的に成長できる点がサッカーの魅力ですね。社会人になった現在でも稀にフットサルをしたりしますしその時はサッカー部時代の友人を集めるので一生涯の絆もできたと思っています。好きなサッカー選手はメッシです。王道ですがサッカーをやっていたからこそ、凄さが分かる部分もあるのでいつも応援しています。,サッカー
"サッカーは女性にモテるから。
現在は踊る男性を見てキャーキャー言う女性もいるが、私がガ子供だった頃は男が腰を振って踊れば笑われたものだ。
私が子供だった頃は、男らしいスポーツと言えばサッカーか野球だけ、これ以外のスポーツは「ひ弱な男」がすると思われていた。
子供の頃の考えは大人になっても変わらない、根底にはサッカーと野球以外のスポーツを認めていない。
子供の友達と一緒にサッカーをやっていると、その友達の母親が私に「上手いですね、サッカーをやっていたのですか？」と必ず聞いて来る。
これが他のスポーツだったら、どうだろう？ひ弱なスポーツが上手くても、ママさん達は注目しない。
私が野球を選ばなかったのは、野球部の入部条件が坊主頭だったから。
男らしさにビジュアルも備わっているのが、サッカーの魅力。",サッカー
野球、バスケットなど、他の競技なら、ワンプレイで得点が1以上の数動くことがあり、一発大逆転が可能です。しかし、サッカーはかならず1点ずつの得点となります。途中楽なく、地道にずっと実力で繋げていくという点が硬派な魅力だと想います。人類の機能として発達した腕をキーパー以外の者は一切使ってはいけないという不自由さが、逆に大きな面白みを産むのは、逆転のアイデアとなっていて面白いです。足技にもさまざま種類があり、器用さも重視できれば、蹴る力、走る力も活きます。健脚がものを言う競技である点は、他のスポーツには見ない奥深さがあります。コンビネーションプレイで見せる芸術的面でも良いスポーツです。,サッカー
サッカーは奥が深いです。当然、身長が高いと有利ですが逆にデメリットになる場面もあります。足が速いだけでもダメですが逆に速さを極めることができれば大活躍できる可能性を秘めています。チームスポーツなので色々な役割があり協調性も主張性も大事になります。あまり技術が高くなくても頭がよくて活躍する人もいるので本当に奥が深いと思います。またたくさんの繋がりができます。実際に私も現在も仲の良い友人はサッカー時代の友人が多いです。好きなサッカー選手はセルヒオ・ラモスです。ヒール役のイメージの方も多いかもしれませんがサッカーをよく知っている選手ですし圧倒的リーダーシップがかっこいいです。またシンプルに顔が好みですね。,サッカー
"サッカーの好きなところは、他のスポーツよりも接戦になることが多いからです。プロサッカーの試合や日本代表の試合を何度も見ていますが、試合終了までハラハラドキドキしながら見ることができるのでとても楽しいです。勿論サッカーをしている時も大きなリードとなることがないため、常に緊張感を感じながらサッカーができるのも魅力を感じます。
好きなサッカー選手は本田選手ですが、常に前を向いてプレーをしている姿がカッコ良く見えます。またチームを引っ張っている姿勢や勝利への強い意志も感じることができるので見ていてとても憧れます。",サッカー
どこに蹴ってどうゴールに決めるかという単純だけど、幾通りもルートがある競技運びが面白いです。選手たちは、ただ蹴って走るだけでなく、一番安全に進めるルートを選び、ボールを持っていない選手は、自分がボールをもらえる安全な位置に動く。このように、ボールの有無なく、フィールドにいる者全員が、チームを作るための重要なコマとなって動くゲームである点が、非常に深い面白みを産むと想います。直接自分でゴールに運ぶ、空中にボールを浮かすセンタリングで仲間に決めてもらうという戦術にも面白さがあります。足でボールを操作する芸術性にも見どころがあって面白いです。,サッカー
"サッカーの魅力はチームスポーツで一人一人が協力をして勝利に向かって一致団結しているところだと思います。
また、スタメンで出ている選手だけではなく、ベンチメンバー、監督、チームスタッフ、サポーターも一緒になり戦うことによって勝利を収めた時の高揚感は何にも変えることができない喜びになります。
試合時間も決まっているのでその時間を全力で応援することができますし、個人的にはプライベートの予定が立てやすい点も魅力的です。
まだサッカーを見ていない方はぜひスタジアムに足を運んでもらえれば非現実的な世界を感じられると思うので観戦してみてほしいです！",サッカー
"私の好きなスポーツはサッカーです。
本田圭佑選手のキックに憧れて好きになりました。サッカーでも敵をドリブルで上手く交わしながら仲間とパスを繋いでゴールを狙いに行く姿が大好きです。チームが一丸となって点を取りに行く姿がかっこよくて魅力的なスポーツだと思いました。ポジションごとに役割をこなして最後はフォワードが勢いのあるシュートを決めるのがカッコいいです。パスを繋ぎながら勢いよくゴールに向かう戦い方や守備を極めて守りに徹する戦い方など対戦相手によっても頭を使いながらプレーの手段に工夫を凝らして対戦するのもサッカーの面白さだと思います。",サッカー
"サッカーは奥深いスポーツだから好きです。「ドリブル」は多くの人ができますが、プロのトップ選手のドリブルとは雲泥の差があります。更にはトラップを入れたり、ディフェンスを抜き去る技術だったり、上を目指せばキリがありませんが、そこが好きなところでもあります。
男女関係なく好きな人が多いのも、サッカーの魅力だと思います。特にA代表の試合は、関心を持っている女性も多いので、多くの人と一緒にテレビ観戦を楽しめます。
好きなサッカー選手は、中村俊輔選手です。プレー、動きの全てが格好良いと思います。海外でも「日本人でもここまで出来る」というのを証明してくれましたし、また日本でプレーすることを選んでくれる人柄も好きです。",サッカー
サッカーは昔体育の授業や休み時間にみんなでやっていましたが、寒い日だと意外と身体も温まるし適度に運動できるので好きです。ボール１つで大勢の友達と汗をかき楽しめるし、選手分けで実力が伯仲すると面白いし熱くなれます。練習に関してもリフティングなどで自分一人でも技術が上達できるし、身体の成長とともに上手くなれるような気がしたのでやっていて楽しかった思い出があります。個人的に好きな選手は、かつてイングランド代表だったルーニーで、ユーロや代表選でスピードを見せつけてゴールする姿に魅了されました。もちろん、今でも日本代表の試合も見るし応援しています。,サッカー
世界中にクラブがありますし、各クラブ毎にそれぞれ違う戦術や戦い方があり、スポーツといえ戦略性があるのはとても面白いです。その戦術も年々進化をしていますし、もはやスポーツの枠を越えているとも言える楽しみ方でもあると思います。もちろん選手それぞれが持っている個性やテクニックなど観客を魅了するようなプレーも見所ですし、各国の選手でもそれぞれに特徴かあるので、その特徴の中での試合はとても盛り上がれます。また、スタジアムも一体化になれますし、臨場感に迫力に他では味わえない感覚はサッカーの醍醐味だと思います。,サッカー
"まず、ルールがとても簡単で、手を使ってはいけないこととオフサイドくらいがわかっていれば十分楽しめるところが、誰にでもハードルが低く好きなところです。
また、応援しているチームがあるので、そのチームの試合を毎週楽しみにしていて、家族で見ながらコミュニケーションが取れるところも好きなところです。
単純な競技ながらも、足技で華麗に相手を交わしたり、迫力のあるシュートが見れたりするなどの魅力があります。
好きな選手は、日本代表で言えば、遠藤航選手です。
守備的な選手ですが、相手が持っているボールを確実に奪っていく姿がとてもかっこいいと感じています。",サッカー
自分自身学生時代にサッカーをしていましたし、もちろん世界のワールドクラスの選手も凄くて魅了されますが、日本にはJリーグがあり自分の地元にもプロサッカークラブがあるので、そのクラブを応援する時は感情移入ができかなり熱狂できるのはサッカーの魅力だと感じます。また、システムや戦術に関してもとにかく奥深いですし、各クラブの監督の戦い方を比べながら試合を観るだけでもとても楽しめます。そして、サッカーにはジャイアントキリングという言葉があり、強豪の相手でも勝てる可能性があるのはサッカーの醍醐味だと思います。,サッカー
"私は今ではサッカーはしていませんが、テレビでサッカーを見るのが好きです。
サッカーは初心者の方が見る際に展開も遅く、見ていて退屈に感じるかもしれませんが、戦術ということを学んでくると選手がなぜそこに動いたのか、どういったタイミングで選手が動き出すのかなど、着目する点は多く知れば知るほど見ていて楽しい競技です。もちろん、そんなことは見ていない人でも、好きな選手が点を決めたりスーパープレーをするだけでも胸が熱くなり思わずプレーに集中してしまうのではないでしょうか。
また、昔は自分もサッカーをしていたのですが、11人それぞれに役割があり、みんなでボールを繋ぎ点を獲るということがとにかく楽しかったです。
好きな選手はメッシです。",サッカー
サッカーは試合を見るのも、実際にプレイするのも、またテレビゲームで遊ぶのも、全て好きです。サッカーはほかのスポーツに比べて、点が入りにくく、1点の重みが非常に高いです。それでいて運動量は非常に激しくて、このギャップというか、バランス感がすごくいいと思うんですよね。手に汗握るというか、集中して楽しむことができます。さて、個人的に好きな選手は、元日本代表の岡野選手です。日本が初めてワールドカップ出場を決めた試合で、決勝点を決めた、あの岡野選手です。それまで、決定機を何度か外していたこともあり、本人は相当プレッシャーがあったはずです。点を決めた後のあの、表情っていうのはその証拠です。プレッシャーを感じていなければ、あの表情にはならないことでしょう。間違いなく、日本サッカー史における名シーンです。,サッカー
"サッカーが好きなのは、抜群のチームワークできれいなパスをまわすのがとても美しいと感じるからです。

たとえばJリーグで活躍するプロの選手は、ダイレクトでテンポよくパスまわしをするのが当たり前です。素人だと難しいプレイですが、プロの選手はそれを難なくこなします。パスを受ける体勢はそれぞれですし、相手チームの選手はもちろん必死でボールを奪いに来ます。それをかわしながらきれいにパスをまわしている姿は、見ているだけで「すごいなあ」と感じます。

パスサッカーが好きなので、もう引退してしまいましたがフロンターレに在籍していた中村憲剛選手が好きでした。サッカーはプレイの大半がパスですが、そのパスが美しいのでずっと見ていられます。",サッカー
サッカーの魅力は、競技スタイルが走って蹴るだけという、そのシンプルさにあるように思います。ワールドカップなどで各国代表のメンバーが競ってピッチを駆け巡る姿は、そのスピードと迫力で観客を圧倒します。しかも眼下のボールを見ることもなく足で器用に操りながら、敵メンバーをするりとかわしてゴールに向かっていく技術力の高さは驚嘆に値します。長年応援している選手は、あのサッカー界のレジェンド、キングカズこと三浦知良です。スランプに陥った時期もありましたが、全てを乗り越えて50歳を超えても活躍しているところが超人的です。,サッカー
"なかなかはいらない得点にやきもきしながら、どこか神がかった選手の思わぬ活躍に驚きとともに爽快感を感じ、海外の選手の信仰心溢れるゼスチャーに尊敬すら感じる時もあります。
日本人は神道や仏教など身近に親しみ、普段の振る舞いや考え方にも影響が無意識にあると思っていましたが、キリスト教圏(特にカトリック)出身の選手達の信仰心にも尊敬の念を感じずにはいられません。

サッカー選手の皆さんは、走ることがメインのためなのか、スラッとしていて、重心も確か、スタイルがよく格好良い体形の人が多いです。
イケメンも多いのも魅力ですね。",サッカー
"サッカーの好きなところは、シュートが決まった瞬間にとても興奮できる点です。1試合のうちにそう何度もシュートからのゴールシーンを見られるわけではありませんが、だからこそ決まった瞬間は気分が盛り上がって興奮します。

一言にシュートといってもいろいろですが、どのシュートにも魅力があります。ドリブルからのシュートはもちろんですし、ボレーシュートや頭を使ったヘディングシュートなどもゴールが決まるとエキサイトします。ゴールさせないためのディフェンダーと最後の砦のゴールキーパーを破るシュートは、サッカーで最も盛り上がる瞬間といっても過言ではありません。

若手でシュートの上手い選手と言えば久保建英選手で、もっとゴールシーンを見たいですね。",サッカー
"W杯南アフリカ大会を見てからサッカーが好きになりました。
応援している国やチームなどがあれば、他のサポーターと一丸となって応援する一体考えられるところが特に好きな理由です。
また、サッカーは単純な競技ながら、チームごとに色々な特色があります。
もちろん、メッシやロナウドなど、スター選手がいるチームも魅力ですが、それ以外にもチーム力で強かったり、チームごとに守備的な布陣をひいたり、攻撃に特化していたりするなど、特色がたくさんあり、どのチームも見ていて飽きないのも魅力の一つです。
そんな中で私が好きなのは、遠藤保仁選手です。まさにレジェンドで、巧妙なパスを繰り出す姿を見ているといつも楽しいです。",サッカー
私が初めてサッカーを見たのは90年伊W杯でした。キャプテン翼を見ていたのでサッカーの知識はありましたが、実際に動いているサッカーを見たのは初めてで感動したのを覚えています。そこからサッカーって面白いなと思いました。しかし当時はJリーグもまだ発足前でしたのでテレビでサッカーを見れるのはほとんどありませんでした。その後、米W杯の予選が始まりJリーグもスタートして、どんどんサッカーの魅力にはまっていきました。サッカーの魅力はやはり組織で連動する動きではないでしょうか。ボールを持っていない選手の動き出し、必ず来ると信じて走りだしてパスを出しシュートを決める。ワンタッチ、ツータッチの展開は見ていて爽快感があります。また、米W杯予選から見ているので三浦知良選手にはいつまでも現役で頑張ってもらいたいです。,サッカー
"まずサッカーが本当に大好きです！
なぜそんなに好きなんですか？と聞かれても好きなものは好きなんです！理屈じゃないんですよね！ですがいくつか挙げるとすれば、あのなんとも言いようのない迫力と臨場感。
更にはさっきまで優勢だったチームがあっという間に劣勢になってしまうハラハラ感、その逆の劣勢だったチームがあっという間に優勢になるドキドキ感、チーム全体の駆け引きやプレイ全てが流れるようにつながる連携。それら全てが凝縮したスピーディーな試合運び、どれをとっても最高で魅力的なスポーツだと思います。本当に大好きです。
世代がバレてしまいますが、私の好きな選手はやはり中村俊輔ですね。彼のような選手が日本人で今後出てくることを期待して、これからもサッカーを楽しみたいと思います。",サッカー
サッカーは個人の能力というよりもチームの総合力が勝敗を左右するといった要素が強いところが魅力です。個人個人の力は劣っていても、チームで戦えば勝ててしまう、アマチュアがプロを倒すといったジャイアントキリングが起こるといったところが見ていてどちらが勝つんだろうとドキドキできるので好きです。また足でボールを扱うという難しいことにも関わらず、手で扱っているかのようなボール捌きをする選手がいるので、そういった選手を見ていると本当に凄いといった感動が生まれます。さらに得点が入りにくいので、一点の重みが大きく決まるまでのプロセスの美しさも好きです。好きな選手はメッシです。,サッカー
"国内で「Jリーグ」が発足したころからプロサッカーに興味を持ちました。
当時は「ジーコ」や「リネカー」など海外のトッププレイヤーを始め、「カズ」や「ラモス」など個性豊かな人気選手がいてとても盛り上がり「観るサッカー」好きになりました。
それから「中田英寿」や「小野伸二」などの世代になり、目標が「ワールドカップに出る」から「ワールドカップで勝つ」になったときは感慨深いものがありました。
2002年の「日韓ワールドカップ」は得に思い出深く、会社の同僚とビール片手にワイワイやっており、「稲本」のゴールで大絶叫したのは良い思い出です。",サッカー
小学生からサッカーを始めて、ボールを触れば触るほど上手になっていくその感覚が大好きです。自分からボールを持っていき、フェイントで相手が棒立ちのまま動くことができずに軽く相手を抜いたときの爽快感、大好きです。基本的にはオフサイドにならない限りフィールド内のどこに行ってもかまわないので自由度が高く、サッカー初めたてのころは魅力でした。スキル、スピード、フィジカル、パスセンス、シュート精度などの能力が高い選手が一人いるだけでチームの質が変わり、見ていて飽きない試合展開になることが多いです。一番華麗で見ていてほれぼれするのは、一連の流れの中で意思疎通ができているかのような高速パスを仲間間でつなぎ、シュートが決まった時に思わず声が出てしまうほど感激します。好きな選手は元ブラジル代表ロナウジーニョ。,サッカー
サッカーを好きになったきっかけは、漫画『キャプテン翼』です。なぜ読みだしたのかは覚えていませんが、お小遣いを貯めては単行本を買いそろえていました。漫画でオフサイドなどのルールを知ったので、日本代表などの試合を見ても理解ができ、観戦が楽しくなりました。漫画では、各チームや選手の思惑なども描写されているため、戦術などの理解も進みます。知識を持ってみる実際の試合は感情移入ができ、興奮すら覚えます。戦術の裏には、選手たちの練習や共通理解のためのミーティングなど多くの時間が費やされていることを考えると実に奥の深いスポーツだと思います。今は、久保建英選手の成長と今後の活躍が楽しみです。,サッカー
"野球を好きになったきっかけは、プロ野球でピッチャーの投げる剛速球を見た時でした。
阪神の藤川球児選手のファンで、150km/hを超えるストレートは自分の目にとても魅力的に映りました。
テレビ観戦をしていて、ピッチャーがストレートを投げた後に再生されるスローモーションを見て、スローでもこんなに速いのか！と驚いたものです。
そんな速球を打ち返し、ときにスタンドへ弾き返すバッターももちろん魅力なのですが、スラッガーを空振りに取るピッチャーが一番かっこよく見えました。
野球の魅力はやはり、集団の競技でありながらもピッチャーとバッターの一対一の勝負にスポットが当たる点です。
ときに力勝負、ときに搦め手で相手を打ち崩していく点が他の球技と違って面白い点ではないでしょうか。",野球
私は小学校の時から野球をしていました。野球は両親が好きであるという単純な理由から始めたのがきっかけです。最初はルールなどがまったくわからなかったのですが、ルールが理解できるようになってからは1番好きなスポーツです。野球の面白さといったらやはり、最後まで試合の流れがわからないことです。最終回で逆転ホームランなどで、試合の流れがいっきに変わる場面が多くあり、最後まで油断ができないスポーツであり、試合始まりから終わりまで緊張感がとてもあるスポーツです。また、監督の指示により勝敗も大きく変わるスポーツでとてもお気に入りです。,野球
周りの人と共通の話題で盛り上がれるところが、野球の好きなところです。昔ほどは地上波での中継が無くなった今でも、スポーツニュースなどで取り上げられる比率が最も高いなど、世間の関心が高いのは野球だと思います。そのため、職場での休憩中の同僚との会話では、贔屓のチームが異なっていたりしても、前日の試合内容のことなどで盛り上がることが出来ます。個人的に好きな現役選手は読売ジャイアンツの坂本勇人選手ですが、周りの人もそれぞれに好きな選手がいるので、例えば引退済みの往年の名投手が坂本選手と対戦したらどうなるか？など、時代を超えた妄想トークでも盛り上がることが出来ます。そのような魅力がある野球が、私は好きです。,野球
子どもの頃、プロ野球シーズン中、わが家のテレビは野球中継一択でした。父が見るのを一緒に見て、年に一度だけ球場にも観戦に行きました。小中高と成長する過程で、野球のアニメが多くあったのも野球好きになった要因だと思います。ホームランのように派手な一発もあれば、バントで地道に塁を進めるなど、チームの駆け引きもあれば、バッテリーと打者の駆け引きもある。ほんの数秒の間に取り交わされる駆け引きが球場を静かにさせ、その後一気にどよめく。スポーツの真剣勝負がドラマとなり、感情が揺さぶられるのが好きです。スター選手もいいですが、巨人に所属していた篠塚選手のようないぶし銀タイプの選手にしびれます。現役では広島の菊池涼介選手がいいですね。,野球
私はプロ野球というよりも高校野球が大好きです。昔から夏休みには家で高校野球を見ていました。家で誰もやっていたわけでもないけどなんとなくおもしろくて、ずっと見ていたのですが今では生粋の高校野球ファンになりましたし、その流れでプロ野球も良く見るようになりました。高校野球の青春がすごく詰まっている感じと負けても涙、勝っても涙なところがかわいくて仕方ないです。プロ野球選手があっさりとれるボールも高校球児たちには結構難しかったりするのかそれを必死にプレーしている姿にとても心が動かされます。私が歳を重ねるごとに高校球児たちが年下になっていって最近では弟かのような気分で応援しています。,野球
走って打ってをチームで行い、それぞれに守る場所が設定されているという縛りがある点が興味深いものだと想います。1試合まるまるプレイを行えば、だいたいにおいて出場する選手9人に攻守共に出番が回ってくる点には、総合力で競う競技だという深い面白みを感じることが出来ます。個人技能はもちろん必須です。それぞれが力を高める特訓があるわけですが、それを実践でチームで連携することでみせることが出来る点にも面白みを感じます。例えば、ボールキャッチが上手でも、次に何処になげるか、誰に投げてさらなるアウトに繋げるのかという知略をも使う点は深い戦略性があって面白いです。軍事のごとく作戦がいきる競技である点にはドラマを感じます。,野球
わたしの好きな野球選手はイチローです。イチロー選手はとても頭脳派プレーをする選手であり、その場に応じての判断力が素晴らしくていつも感動しながら見ています。イチロー選手は、バッターとしても世界の一流選手であり、打率に関しても文句の付け所がないです。また守備に関しても素晴らしい選手でありとてもお気に入りです。日本だけではなく、海外でのプレーもとても好印象をもっています。また打席に立ってから打つまでの一連の流れやフォームがとても綺麗で、わたし自身も野球をする際にはよく真似しています。またイチロー選手からサインボールをもらったのが今までで1番嬉しかったです。,野球
一人でホームランを出すことでの得点も可能ですが、多くの場合は、チーム全員で協力して得点することに面白みがあります。犠牲フライだったり、ランナーの場合なら時には自分がおとりになることで、他の選手の塁を進めるという面白さも魅力となります。個人技能が重要でもありますが、個人技能を高めて者同士で、連携を産んで勝利する点にチームワーク競技の真髄をみることが出来ます。ピッチャーの配球について、かなり頭を使う点も面白い要素となります。ボールを投げるという行為でも、色んな変化球があることで見せ方が様々な点は面白いです。,野球
野球は小学生の時は自分自身で遊び的な感じでやっていて面白さを感じました。しかし、自分は学年でも１，２を争う小柄な体格だったので野球部に入って本格的にプレーすることは断念して、もっぱらプロ野球の試合を観ることに喜びを感じるようになりました。野球を好きに感じるのは投げる視点で見るといかにバッターを抑えるか、三振をたくさん取れるかが醍醐味だと思います。打つ視点で見ると、ホームランを打つことの醍醐味、ヒットをたくさん打つことが醍醐味です。さらに、守備では難しい打球を華麗なプレイでキャッチするファインプレーも醍醐味です。野球で一番魅力的なのが監督同士の頭脳プレーです。好きなプロ野球選手は千葉ロッテマリーンズの唐川投手です。一生懸命投げる姿がとても良いからです。,野球
"野球が好きな理由は、女性でも熱くなれるところです。女性もちょっとルールを覚えるだけですぐにプレイに参加できますし、打って、走って、マットを踏むという工程をマスターすれば野球選手をより熱く応援できます。

観客席にボールが入るホームランが見れる瞬間のドキドキが好きなところです。逆に、ボールを打った時にホームランになるかならないかのハラハラドキドキ感は何回味わっても面白いところ。

入れ、入れと祈るような気持ちでホームランを待つ瞬間の楽しさ、選手にホームランを打ってほしいと願いながら必死に女性も応援できる喜びは、野球ならではで好きなのです。

好きな野球選手は清宮幸太郎です。パワフルな打ち方をするのに、普段は飾らず、くったくのないほほ笑みはかわいいところ。野球への情熱が感じられるプレイが好きです。",野球
選手として目が出る前から応援したりすることができるし（特にドラフト前の「お母さんありがとうの」番組が感動します）、メジャーに行ってもNHKで試合を放送してくれるので活躍を日々見ることができることろがいいと思います。また週末の試合は昼間に試合があるので、気軽に見ることができ、レジャーとしても楽しめると思います。野球は一球一球進むので、ゆっくり状況の変化を感じながら観戦できるのがいいと思います。一球の緊張感はたまりません。今は特にエンジェルスの大谷翔平選手を応援しています。日本ハム時代から応援していましたがメジャーでも高い評価を得る大谷選手を誇らしく思います。日々努力し、年々色んなことに挑戦し続ける大谷選手のストイックさには感心します。今年は手のまめに気を付けて頑張ってほしいです。,野球
私が野球が好きな理由は、最後までどちらが勝つかわからない試合が多いからです。野球は投手戦でない限り試合が動きやすいスポーツです。ヒットが続くと1回の攻撃で大量得点できるし、ホームランや相手のエラーによって試合が簡単にひっくり返ってしまいます。点差が少ない場合はどちらが勝つかわからず、最後までハラハラドキドキできるところが楽しいです。私が好きな選手は日本ハムファイターズの近藤健介選手です。近藤選手の強みは打率がいいところと、選球眼があるところです。2ストライクで追い込まれていてもそこからボールを見極め、4ボールで出塁することができる選手なので、出塁率が高くチームにとってとても貴重な選手です。,野球
わたしが野球を好きな理由は、監督の采配により試合の流れが大きく変わり、最後まで展開が読めないところです。またピッチャーとキャッチャーのバッテリーの良さが存分に発揮された時にとても野球の面白さを感じます。わたし自身も野球の経験者なのですが、どちらかというと試合をするよりも見る方が好きです。また、バッターとピッチャーの駆け引きがとても緊張感があり、見ているととても興奮します。バッターが打ってホームランになった時も嬉しいですし、ピッチャーがバッターから三振を奪ったときもとても見応えがあり楽しい要素の一つです。,野球
"私は野球というスポーツが好きです。
なぜなら野球はサッカーより小さいボールを扱うにも関わらず、広いエリアを使うとても熱いスポーツだからです。

野球には大きな魅力が２つあります。
まず１つはなんといってもホームランです。
小さくて速いボールをジャストミートさせ、客席まで飛ばすのはロマンに近いものがあると思っています。
もう１つは投手による奪三振です。
バットを折る勢いの豪速球から多彩な変化をする球を投げるなど三振を取ったシーンは熱いです。

もちろん守備にも魅力はあります。
見事なダイビングキャッチや俊足を生かした盗塁もその盗塁を刺すキャッチャーまで全てのプレーに熱くなれる要素があります。

好きな選手は大谷翔平です。",野球
野球は体格差があっても真っ向から平等に勝負できるスポーツです。ストライクゾーンをよけていてばかりでは勝負に勝てず、たった一人のエースがいても試合に勝てない。チームスポーツとして個人よりも集団としての能力を要求されるところが好きですね。私自身野球の経験はなく成人してから見た野球アニメのファンになったのがきっかけです。試合中にキャッチャーが頭を使って細かく配給しているのを知った時は衝撃でした。常に動いて相手を振り切ろうとしているサッカーやバスケでは味わえない戦略、知略の部分が野球の醍醐味だと感じます。尊敬する選手の一人であるダルビッシュ有投手の野球理論をYouTubeなどで聞いているだけでもワクワクするほど私は野球が大好きです。,野球
当方40代ですが、野球は物心がついたころには日本で最もメジャーなスポーツとして親しまれ、TVでも一番フューチャーされていた時期で、一番思い入れのあるスポーツです。とにかくプロの投手の投球動作と野手の打撃動作がかっこよくて、子供の頃はすぐにプロ野球選手の真似をしたくなり、実際に草野球などの遊びで上手くできると快感でした。ルールは意外と複雑ですが、投げて打って走るという単純さも良くて、程々に難しいのも魅力の一つだと思います。昔から巨人は大人気でしたが、私は天邪鬼の方だったので、幼少時代から弱かった大洋ホエールズを判官びいきしていて、DeNAになってからも好きです。好きな選手は数多くいますが、巨人の原辰徳がかっこよくてずっと好きでした。,野球
私は小さい頃から野球が大好きで、高校時代は野球部のマネージャーを務めていました。高校時代にマネージャーをしていて気がついた野球の魅力は、見た目以上に複雑な頭を使うスポーツだということです。キャッチャーが送る綿密なサイン、ピッチャーが放つ数多くの球種、そしてそれを予想し打席に立つバッターなど、それぞれのポジションの選手が頭をフル回転させて挑むスポーツだと感じました。どのポジションの選手もそれぞれの役割を持っており、その役割がうまく力を発揮してこそチームとしての力が試されるのが、野球の面白いところだと感じます。それまでは、守備の上手いヤクルトの宮本やロッテの小坂などが好きでしたが、それからはチームの柱として陰で活躍する古田などキャッチャーの選手が好きになりました。,野球
自分はプロ野球の公式試合を主に観ていますが自分の好きな選手が相手ピッチャーの球を捉えて快音を響かせる瞬間が一番大好きです。シチュエーションとしては2アウト満塁で一打逆転となる場面で4番打者とか好調バッターが回ってくるとすごい興奮します。他のスポーツと比べてかなり心理戦な所があるのが面白い。バッターがどの球種を待っているのか予想をするのも面白いですしストライクやボールの先行度合いによってピッチャーバッターの有利不利の形勢が少しずつ変わっていくので各打席目が離せない感じです。年間を通して各選手がどのような数字を残すのかといった所も毎年楽しみです。,野球
私は野球が好きです。理由は2つあります。まず１つ目はとても頭を使うスポーツで見ていて、楽しいからです。例えば、相手チームの選手の特徴(打率、守備力)を事前に調べた上で、試合を進めて勝てると達成感があります。2つ目の理由は、日本人選手が海外に挑戦しようとするチャレンジな姿勢を見ることが出来るからです。これは私にとっての魅力でもあります。例えば、最近で言えば、私が応援している大谷選手がメジャリーグで二刀流に挑戦し、奮闘する姿には心打たれました。他の外国人選手に引けを取らずに奮闘する姿は素晴らしいと思います。それを見て、私も普段の仕事を頑張ることが出来ています。,野球
野球は小学生の頃から近所の子供達や野球部などでやっていました。キャッチボールから始まりノックなどを受け徐々に上手になっていくのを実感できてとても大好きでした。チームプレイということで次に繋げるプレーや仲間のエラーを助けるなど全員で戦うことへの楽しさを常に感じていました。大人になっても会社の仲間とプレイすることもできるのでどの年代でもどのレベルでも楽しくできるスポーツだと思います。好きな選手はイチロー選手です。自分も体は大きい方ではなくホームランが打てる訳ではなかったのでイチロー選手を見てコツコツとヒットを重ねることで結果を出すことができると思いとても憧れました。,野球
私の野球の好きな所は、他のスポーツには珍しい間がある所です。投手がボールを投げるまでにサインの交換をし、色々駆け引きをしながら一球一球投げていくといったものが、見ていてもハラハラする時間が持てるのが好きです。さらに、例えば外角のボールで空振りをとるためにその前に内角のボールを投げるとか、この変化球を活かすための伏線をはるといった投手とバッターの一対一の戦いがじっくりと見れるところや、送りバントや敬遠、投手交代や代打などの作戦的な要素によって勝敗が左右される部分が大きいので、自分ならこうするといった見方ができる所も好きですq,野球
野球の面白い点は選手一人一人の役割が明確なところでドラマ性が強くなっているところです。9回裏ツーアウトからの逆転という展開ではバッターやピッチャーのことが明確に頭に残る仕組みになっており、打率や打点、本塁打など記録がわかりやすくなっているところも面白さのポイントです。高校野球では守備力がプロに比べて低いため、不意のエラーが発生しやすく更に予想外でドラマチックな展開になりやすいと言えます。好きな選手も挙げやすいスポーツで、打撃に関して超越的なイチロー、投打の二刀流の大谷翔平、豪快なバッティングの松井秀喜など、時代時代にスターと呼ばれる選手が現れているようにも感じます。,野球
チームプレイでもあるし個人プレイでもある所が一番の魅力だと思います。小、中、高校と野球をやってきましたが野球が楽しい意外にも、厳しい上下関係や肉体、精神面でもとても鍛えられましたし、社会人になってもそれがプラスの要因になっているのは間違えないと思っています。社会人になってからは知人の草野球に代打でたまに顔を出す程度しかやっていませんが、若いときに比べて体は動かなくなったものの今でもそこそこプレイできて休日の良い運動にもなっています。最近では、プロ野球も女性ファンもが増えてきているので、球場に見に行ったさいには元やっていた人間として色々と解説をしてあげると喜ばれるときとでない時もあります。ちなみに永遠のカープファンです。今年いっぱいかもしれませんが、鈴木誠也を応援しています。,野球
5年連続日本一の福岡ソフトバンクホークスのファンなのですが、パ・リーグは実力が拮抗していますし今年はどこが優勝してもおかしくない位のレベルだと思っています。150キロを超える剛速球のピッチャーも増えてきましたし、それを豪快にホームランにする実力のあるバッターもパ・リーグにはたくさんいると思っています。そのプレイを球場まで見に行くのが何よりの醍醐味ですし、今では地上波の放送は少なくなってきましたがスカパーやDAZNなどと言うサブスクも充実していますし開始から試合終了までを自宅の大きなテレビで見ると言うのももう一つの醍醐味だと思います。冒頭に書いた通り熱烈なソフトバンクファンです、1番応援してる選手は怪我から復帰した今宮健太選手です。今年は年間通してプレイしてくれることに期待しています。,野球
私の好きなスポーツは野球です。プロ野球をよく見ますが、好きな選手は阪神の佐藤輝明選手です。野球の好きな部分、魅力的な部分ですが、まずは自分が選手としてプレイした経験から言えることがあります。それは、バットにボールが当たりそのボールが糸を引くように外野に飛んでいく時の爽快感を体験できる、という部分です。この爽快感はライナー性の打球の時に特に感じられます。バットの中心にうまくボールが当たった時などはほとんど腕に衝撃がこないにもかかわらず、ボールが驚くほど遠くに飛んでいくことがあります。この感覚を味わうのがとても好きです。また、野球は観戦する魅力もあります。特に好きな部分は、球場で周りの観客たちと大声を出して応援歌を歌えるという点です。バッターごとに応援歌を変えて歌うのはとても楽しいです。,野球
父親の影響で小さい頃から野球のファンです。小学校から甲子園はいけませんでしたが、高校まで野球を続けていました。野球の好きなところと言えばとにかく物心ついた時からとにかく夢中になれるスポーツは野球しかないと言う感じだったと思います。そこまでうまいと言うわけでもありますせんでしたし、甲子園に出れると言う強豪校でもありませんでした。一応スタメンで5番ショートでした。社会人になってからは全くプレイはしていませんが、プロ野球のほうは今でもずっとテレビで見たり球場に観戦に行ったりはしています。小さい頃の長島さんが監督だった時代からの巨人ファンで、今でもずっと巨人一筋で応援しています。過去を上げると好きな選手はキリがないですが、今応援している選手は1番と言われれば坂本勇人選手になると思います。,野球
"野球といえば「日本で一番メジャーなスポーツ」という印象です。
プロ野球の歴史も大変長く、「王」、「長嶋」を始めとした数多くのスターが生まれてきました。
他のスポーツと比較して１試合にかかる時間は長く、知人や家族と一緒にゆっくりと観戦できるのが良いですね。
また、プロ野球に至っては国内の他のスポーツ選手と比較しても「高給取り」が多く、夢があるスポーツと言えますね。
もう一つ野球で好きな点は、やはり「高校野球」になります。
春と夏に行われる大会で高校球児たちの頑張りを見ることで、勇気をもらい、日々の生活に張りをもたらしてくれます。",野球
物心がついた時から、地上波でプロ野球を放送していましたし漫画でもスポーツと言えば野球がジャンル的に1番多かった感じがします。そのような環境で育ったので自然と野球は好きになりましたし、小学校から中学卒業までですが実際にやっていました。セ・リーグとパ・リーグ合わせて12球団日本全国にまんべんなく球団がありますし、春から秋まで年間を通して各球団が日本一を目指して熾烈に争うのはとても見ごたえがあると感じています。個人的には日本ハムのファンで不動の4番、中田翔選手を応援しています。戦力的に今年も厳しい感じですが何とかAクラス以上は頑張ってほしいと思っています。,野球
40代の女性なのですが、昔に比べてプロ野球選手自体のレベルも上がっていると思います。その理由は野球のレベルもそうなのですが、とにかくイケメンの選手が多くなった感じがしています。野球自体はプレイした事は無いのですが、とにかく球場に行っておいしいものを食べながらお酒を飲んで野球観戦をするのがここ5年位は自分自身の1番の趣味になっていると思います。福岡県出身でソフトバンクホークスを応援しているのですが、とにかくホークスの選手はスタイルも良くイケメンの選手が多くて応援のしがいがあります。その中でもイチオシの選手は、やっぱり豪快なホームランを打つ柳田悠岐選手です。今年も戦力が整っているので5年連続日本一になってくれると信じています。,野球
団体競技にはつきものですが、やはりチームメイト９人が一丸となって勝利を目指すところが最も好きなところです。バッティングに関しては、打率や出塁率など個人のバッティング技術の結果がデータとして残りますが、実際は１番から９番まである程度バッティングの役割を担っているので、完全に個人の自由裁量でプレーできるわけではありません。ピッチングに関して個人の技術に頼るところが大きいですが、中継ぎ投手や抑え投手にいかに上手く繋げていけるかが勝利のためには重要な戦略となります。このように、個人個人が最大限の能力を発揮して勝利に向けて頑張ることができる野球が好きです。,野球
野球は興行としての部分もあるところが面白く、引き分けのルールは時勢によって何度か変化しており、今後も固定されることはないでしょう。1988年10月19日の近鉄ロッテ戦の引き分けは非常にドラマチックでした。また、プロスポーツの中でも試合数が多いこと、代打や投手起用で個性が現れることから監督の存在が非常にクローズアップされるところも面白く原辰徳監督、工藤公康監督など個人的に好きな監督となっています。選手のパフォーマンスとしては西武ライオンズ時代の秋山幸二選手のホームランを打った際にホームベースに到着する際のバック転をするシーンが好きでした。,野球
"160km/hにも迫るストレートで相手バッターをばったばったと三振に討ち取る豪腕ピッチャーがいるかと思えば、ストレートは140km/hそこそこ、にも係わらず変化球のキレやコントロールで強打者を翻弄する技巧派ピッチャーもいる。そんな投手同士の投げ合いは、派手さは無いが片時も目が離せない。
一方で、大差を空けられた試合で稀によく発生する大逆転劇。そんな時によく見られるのが両軍入り乱れての大花火大会。やっぱりホームランは野球の華である。
しかし、たとえホームランが出なくとも、たとえ1本のヒットが出なくとも、足だけで点をもぎ取ることが出来るのもまた野球。ひとつの盗塁が試合の行方を決めることもある。
なんと楽しいゲームであることか！",野球
"私の場合、野球が好きな理由は、一回から九回までの試合の中で、人生ドラマのように、様々なドラマが展開される興味深さがあるからです。
また、９人でする競技なので、個人ごとの打撃の調子や、投手のその時の調子に試合展開が繰り返され、手に汗を握る試合の連続だからです。
そして、試合の結果に私も自分自身の様に、一喜一憂し、野球の本当の醍醐味を実感できるからです。
私の好きな選手は、元大リーグのイチロー選手です。
彼は、幼少の頃から、父親から、野球の洋才教育を受け、小学校からプロで活躍するまで、天性の才能と、超越した運動神経に恵まれたスーパースターでした。
私は、彼から、「人としての行き方」を学びました。",野球
"私は幼い頃から野球が大好きです。夕方になると、テレビの前に祖父、父、兄が集まり、ナイター中継を見ていたからだと思いますが、気が付いた頃には野球、特に中日ドラゴンズが大好きでした。
野球の魅力は、なんといっても格好いいところです。バットを構える姿、野手がボールを追う姿、キャッチャーのミットを構えた体の大きさ、誰のどのシーンを切り取って格好いいと思います。特に、打者がバットでボールをミートする瞬間の、ほんの一瞬の時間が、たまらなく痺れます。私は中日ドラゴンスの高橋周平選手が好きなので、今シーズンも応援したいと思います。",野球
野球好きの仲の良い友達と一緒に草野球をしています。私含めて全員が経験者ですが技術的には特に上手でもなく、みんなどんぐりの背比べです。ただ、他の草野球チームと対戦するときはみんな一生懸命ですし、負けていてももみんなで助け合いながら最後まで戦っているととても面白いです。野球は子供の頃から漠然とした感じで好きでしたけれど、年齢を重ねてからは1球ずつ真剣に勝負できるのが魅力的に思うようになり、さらに好きになりました。もちろん下手な私にも相手のピッチャーは1球1球を真剣に投げてくれます。ちなみにイチローさんが好きです。子供の頃にもらったサインを今でも家宝のように大切にしています。いつか私も彼みたいに上手になることができれば良いのですが。,野球
　私自身は野球をプレーしないのですが、高校時自分の学校の野球部が甲子園に出場したのをきっかけに野球の応援にはまりました。同級生とテレビや新聞の結果を見て盛り上がった時はとても面白かったです。大人になって同級生と疎遠になった今でも、家族と近所の球場に観戦に行きます。全く知らない人同士で一緒に一つのチームを応援する感覚がとても好きです。ほかのスポーツにはない独特の応援方法なのでそれがおススメです。野球選手の名前やチーム名がわからない人でも隣の人の真似をして大声で応援すると楽しめると思います。今の主人と出会ったのも仕事帰りに観客席で出会ったので野球は大好きです,野球
"野球を好きになったきっかけは高校生の時野球部が春のセンバツに出場して、甲子園まで行き応援をしました。
その時に延長戦になり、点を取ろうとなんとか塁に出ようとしたり、それを阻止しようと必死に守っている姿に感動しました。それからは、プロ野球を見るようになりました。当時は長嶋監督率いる巨人がピッチャーは投げては抑え、打線も１番から繋げては点を取り強力打線でとても強くすぐに巨人ファンになりました。
野球は全員野球で個人プレーでなくてチームのためにと選手それぞれがプレーしていて、９回２アウトまで何があるかわからないところが魅力です。
今は巨人の坂本選手が好きでコロナになるまでは毎年球場まで行き巨人を応援しに行ってます。",野球
福岡で生まれ育った私は、物心ついた時からホークスが身近で、知らず知らずのうちに応援歌を覚え、常にテレビで見ていました。そんな中自然と野球のルールを覚え好きになりましたが、その魅力はなんと言っても、ルールの奥深さだと思います。体力、技術だけでなく、頭の良さを求められるスポーツであり、日本だけでなく世界中の多くの人の心を掴んでいて、コミュニケーションツールとしても役立ちます！私が一緒好きな選手は大谷翔平です。日本にいたときに観戦したのは一度だけですが、テレビで活躍している様子を見ると、私もとても元気が出ます！！,野球
7?8年前に広島近辺に引越してきました。仕事は外回りをする営業職ですが、そこで驚いたというか、やはりというか、カープの話題がよく出てきます。男性はもちろんのこと、女性でもカープの話が挨拶代わりに出てきます。地域と密接に関係しているのがよく分かりました。元々スポーツ観戦は好きでしたが、カープファンと接していくうちにすっかりカープファンになってしまいました、野球の良いところは、シーズン中ほぼ毎日試合がある事です。なので「昨日の○○は?」とか「今日の先発は?」といった話題に事欠きません。現在のカープファンの間で話題になっているのが菊池選手。今年は序盤から打っているので「一体どうなってんの？」と今日も楽しませてくれます。,野球
"それでは、野球が好きなところを端的ではありますが述べさせて頂きます。
①『なぜ野球が好きなのか』…父親が好きで、その影響もありますが、ドラマ性を感じるからだと思います。プロ野球・大リーグ・甲子園など、クオリティーに差はありますが、ドラマ性だけは共通して高いものを感じます。
②『野球の魅力について』…ピッチャーとバッターの心理的な駆け引きが魅力だと感じます。お互いどのような感情を抱きながら対峙しているのかを想像すると、ドラマ性がグッと増していき、目が離せなくなります。
③『好きな野球選手』…大リーグ・ロサンゼルス・エンゼルスの【大谷翔平】選手です。彼の活躍を見るのが毎日の楽しみです。先日の【リアル二刀流】はシビレました。全世界が注目する選手の活躍は、生きる勇気や活力を与えてくれます。",野球
野球が大好きで、プロ野球はもちろん、メジャーの試合結果もチェックしています。そして、高校野球も。高校野球は、プロとは違った魅力があって、ついつい見てしまうんですよね。力強いバッティングでもなく、相手をほんろうするような変化球でもなく、優れた守備でもなく、技術はまだまだ未熟ですが、それを補う、はつらつとしたプレイがあります。見ていてとても感動しますし、自分も頑張らなきゃ！って気持ちにさせられます。ちなみに、長い甲子園の歴史の中で一番好きな選手は、松坂選手です。あの時代に、あそこまで完成された選手っていうのは本当に驚きです。今でこそ、150キロを投げる選手は普通にいますが、あの当時は、情報量も少なく、トレーニング環境も限られてたはずですからね。,野球
"野球が好きな理由は様々あります。魅力にもなりますが一番好きなのは守備です。好きな選手名と関連しますが『菊池涼介』選手が受けた打球を普通の選手なら取れないようなものも取り、肩も強いので後ろに守っていてもアウトに出来るのが見てて興奮します。また打者や投手の特徴により微妙に守備位置を変える工夫をし、アウトにできる確率を上げる心がけが『野球を考えてやるものだ』と再認識し私も考えながら野球を観戦する楽しみにもなります。
2番目に好きなのは采配です。監督の立場になって野球を見ることが多く、試合展開や選手の状態や日程や相手チームの選手の調子の良し悪し等、様々なことを考えて投手の続投・交代や打者への代打、代走、守備固め等を決め、勝ちにもっていくストーリーを予測するのが楽しいです。",野球
私はもともと野球に興味がありませんでした。しかy奥内選手し職場の近くに野球場があり野球観戦をしたことが野球を好きになるきっかけでした。大きな球場に日中や夕方からお酒を飲み応援する。それが一体感のあるもので初めて見に行ったのにすごく楽しむことができました。また球場周りでもいろいろなイベントをやっているのでそちらも楽しめます。野球のルールは単純なことしかわかりませんが、それでも見ていてわかりやすいので初心者でも見ていられます。新人が体格が大きくなりどんどん成長したりすると親目線で大きくなったとみてしまいます。またヒーローインタビューのコメントも楽しみの一つです。,野球
私が野球に興味を持ったきっかけは、今は亡き父親である。地元の中日ドラゴンズをこよなく愛していた父は、オープン戦からシーズン戦、春のキャンプの様子まで逐一チェックしていた。それに影響され、私も野球を見るようになり、野球の面白さにハマってしまった。今、私の好きな選手は大谷翔平である。父は「野球にはドラマがある」と言っていた。負けていても、最後の最後で1つのチャンスを生かし、チーム全員で繋いで行く逆転劇。若き新人投手がノーヒットノーランのような思いもよらない快挙を成し遂げる。勝てた試合が、小さなミスから崩れてしまう。喜怒哀楽の詰まった、同じ筋書きが１つもないドラマ。それが野球の魅力だと思う。,野球
野球の好きなところで挙げられることにドラフト会議があります。プロ野球に入るにはドラフト会議にかけられなければなりません。各球団のスカウトは全国をくまなく回り、各地のネットワークを使い、めぼしい選手を物色します。これと同時に野球ファンの中では、プロ野球に入る前の選手を独自に分析している目の肥えたファンも多いです。自らがスカウトになったつもりで甲子園や大学野球、都市対抗などを見学して、アマチュア時代から知っている選手がドラフト会議にかかり、プロ野球に入団して活躍すると何かとても嬉しい気持ちになります。,野球
"中学生まで野球部に入っていました。
辛いこともありましたが、嬉しい瞬間も多く体験できるスポーツだと思います。
打つときはいい当たりをしたとき、遠くまで飛ばせたとき、守備ではいいプレーをできたときと気持ちよさを感じます。
練習ももっと打ちたい、守備が上手くなりたいという気持ちで向上心を持ってやっていました。
プレーする側からするとチームとしてのスポーツなので同じ選手との一体感や協調性があり、誰かがミスをしても取り返せる機会が多いのも魅力です。
投手が打たれたら自分たちも打てばいいと前向きになれるところがいいなと思います。
好きな選手は鈴木誠也選手です。
打つ方はもちろんトップクラスですが、そういう選手は守備に難があったり脚が遅かったりしますが、彼の場合脚も速いですし肩も強いと素晴らしい選手だと思います。",野球
"野球の好きなところは色々ありますが中でも特に私が良いと思っているのが野球なら世代を問わずに好きという人が多くて野球について語り合う事ができるのは良いと思います。おかげで好きな野球について楽しく語ることができて一層野球が好きになったというのがあります。

また野球が良いのはプロ野球を観戦する事も楽しいのですが、自分自身も気軽にできる球技という点でも野球が好きです。
あまり運動神経が良くない私でも野球ならバットにボールを当てることさえできれば活躍できるのでその点でも私は野球が好きです。

そうやって自分自身も野球をやって楽しんで野球についてより詳しくなって野球観戦もより楽しめるのが野球の好きなところです。",野球
私は51歳の薬剤師です。私が野球の好きな理由はスポーツというよりもゲーム性が高いところに魅力を感じています。個人個人でみればスポーツになりますが、チーム全体で見ればゲームのようなもので、各個人の能力をうまくパズルのピースのように配置して勝利をもぎ取る点が大変面白いと感じています。最近はゲームをしていませんが、野球ゲームが本物の野球とあまり変わらないで楽しめるところが私の考える所以ではないかと考えています。もちろん個人としてのバッティングやスローイングなどにも追求する楽しさがあるとは思いますが、様々なピースを使って常勝チームを育て上げる点が大変魅力的です。,野球
野球と言えばスタジアムでビール片手に騒ぎながら応援するのが醍醐味だと思いますし、例え１人で観戦に行っても必ず周りの人と仲良くなれ一体化になって応援できるのはとても楽しいです。スタジアムに行けばストレス発散にもなれますし、各スタジアムにあるスタジアムグルメも野球の楽しみの一つになっています。また、やはり野球と言えばパワーのあるフルスイングのホームランは観ていてとても気持ちいいですし、監督やコーチの指示や見えないところの駆け引きなどに注目して観るのも楽しいです。テレビからでも伝わるあの雰囲気も好きです。,野球
野球は小学校の頃からやり始めましたが当初は父親に無理やりやらされた感があり楽しさ、良さが全く分かりませんでした。ただ練習をしていくにつれ試合に出れるようになりチームスポーツの良さ、勝っても負けてもチーム一丸となり勝つことに向かってやっていく楽しさが分かってきました。小さい頃から口下手であまり自分から話すことがなかったのですが野球を通じ仲間ができ野球以外のことでも大切なことが多く学べました。大人になった今でも野球での経験が活きてると思います。好きな選手は大谷翔平選手です。今彼は想像もできなかった漫画の中での出来事をされていて毎日スポーツニュースを見るのが楽しみです。,野球
"私は野球観戦が特に好きです。理由は、1球投げるごとに合間があることで、緊張感を1球ごとに感じることができるからです。ピッチャーとキャッチャーが何を考えてどの球種をどのコースに投げるのか、バッターはどの球種やコースを狙っているのか、それぞれの狙いを1球ごとに感じられ、投げるときにピッチャーとバッターどちらが勝つかの緊張感が楽しいです。野球は、前の投球が次の投球に影響を与えるため、何を意図して投げているのか、その意図をバッターが読んで狙って打っていくのかを1球ごとに考える時間があり、その時間の駆け引きと、投げてからバッターに届くまでの緊張感を同時に感じられます。
スピード感ではなくじっくりと考えつつ1球ごとの緊張感がたまらない魅力です。
いまはヤクルトの内川選手が好きです。",野球
野球の一番好きなところは、基本的にどんなに点差が開いてしまったとしても逆転勝ちできる可能性はゼロではないというところです。バスケやサッカーなど時間制限のあるものについては、終盤になって点差が縮まらなければほぼ試合が決まってしまいますが、野球はアウトを3つ取られるまで、逆転に突き進むことができます。まれに、9回2アウトから逆転してしまうというミラクルも起こるので、見ていてほんとに飽きることはありません。また、高校野球もプロとは全く違った常に全身全霊で挑むプレイに胸が熱くなってしまいます。監督の選手育成、戦術、采配如何では、チームの質が全然違うものになるのも面白いところです。自分でボールを打つ感触も爽快感抜群で、バッティングセンターにひとたび入れば疲れ切るまでバットを振ってしまいます。,野球
"私は小学校、中学校と部活は野球部でした。
今でも、野球はやるのも観るのも実況パワフルプロ野球などのゲームも好きです。
野球の魅力は、バッティング、ピッチング、守備、走塁など、さまざまな運動能力が必要で、足が早いだけ、力が強いだけなどでは、良いプレーはできないところ。
また、配球や攻撃方法、選手交替のタイミングなど戦略が多彩なところだと思います。
好きな選手は現役選手だと、西武の中村剛也選手です。あのアーチストともいえるパワーと満塁での勝負強さが魅力的だと思います。
OB選手では、古田敦也さんです。捕手としてのリードや強肩、バッティングなど選手としてももちろんですが、球界が1リーグになる危機のときに選手会長として、先頭に立って阻止してくれたからです。",野球
私は、選手ひとりひとりに人間ドラマがあるところが、野球の好きなところです。ドラフト会議が毎年あれだけ注目されるのも、野球ならではかと思います。それもあり、ファンはその選手の入団から引退までを見守り、応援することが出来ます。個人的に好きな選手は、元読売ジャイアンツの高橋由伸選手ですが、あのようなスター選手でも、怪我など紆余曲折があり、最後もまだ現役続行を望みながら、球団のために退いたというドラマがありました。そのように、ファンは選手それぞれの人間ドラマに感情移入し、プレー以外の部分でも応援出来るという魅力がある野球が、私は好きです。,野球
私は小学生の頃より野球の大ファンです。私が小学生の頃は、王、長嶋、野村選手などが活躍した時代です。私は、大学生まで東京の大井町に住んでいました。当時、ジャイアンツ球場は二子玉川に有り、父親が何度も練習を見に連れてってくれました。王や長嶋選手の姿を間近にして大変感激しました。更に、後楽園球場の試合での王、長嶋のホームランに胸を躍らせたものです。野球は本当に素晴らしいスポーツで、野球と比べられるスポーツはないと思います。子供の頃の大好きな選手は、長嶋、王選手です。今は、岡本選手です。ただ、今、岡本選手の調子が今一つなのが心配です。,野球
野球はピッチャーで勝負が決まると言っても過言ではないですし、年間にかなりの試合がありピッチャーを上手くローテーションして勝ちに導く采配は戦略性があり楽しめます。また、ピッチャーやバッターもそれぞれタイプが全く違うので、そのタイプの全く違う選手をどう組み合わせていくのかも楽しみの一つですし、１試合が比較的長いのでのんびり観れるところも好きです。日本にもプロ野球がありますし、自分の地元にもチームがあるので、試合を観れない時でも結果は気になります。やはり地域と一体化できるのは野球の魅了だと感じますし、野球の話をすれば周りの人と盛り上がれるのも好きな理由です。,野球
ホームランをガンガン打つ選手や、奪三振の山を築き上げるピッチャーが揃っているチームが必ずしも勝つとは言えない奥が深いスポーツだからです。野球の動きは基本的に「走る」「投げる」「取る」「打つ」なのですが、これらが全て組み合わさって勝敗が決まります。従って、各選手は自分の得意分野を活かして試合に出てチームに貢献する、監督やコーチがその選手の起用法、試合の中での作戦指示、様々な戦略や要素が絡み合います。見れば見るほど奥が深く、先の展開も読めない、その分ハラハラドキドキ面白いです。今は特に応援しているチームがピンチになった時、守りの要であるキャッチャーがどういう指示でピンチを凌ぐか、に視点を置いて楽しんでます。好きな選手は打てるキャッチャー、埼玉西武ライオンズ森友哉選手です。,野球
子供の頃は野球が一番流行っている遊びで、公園野球を毎日のように楽しんでいました。自分は下手でしたが野球の性質上必ず打順が回ってくるので出番が必ず来るのが好きな点です。当時の野球は日常でしたからテレビでも必ず放送があり嫌いになる男の子なら全くやらないという事はありえませんでした。うまい友人のプレーを見て自分もうまくなりたいと思ったものです。野球の魅力はチーム競技と個人戦が合わさった点にあります。投手と打者の対決が基本ですが、守備やベンチの対応も重要でそれがなければどんなに優れている選手でも何も出来ずに終わります。また個人の役割が明確で失敗しても挽回できる機会が来るのが野球の最も優たところでしょう。原監督の現役時代からのファンです。ホームランを打ったときのうれしさは何にも変えがたいものでした。,野球
"僕は野球はやっていなかったのですが、テレビで見るのは大好きです。もちろん実際に球場で見るのはもっと好きです。
僕はプロ野球も好きなのですがもっと好きなのは高校野球です。というのも、高校時代に夏の甲子園予選に野球部の応援に行った際に友達が出ていた事もあり声が枯れるまで応援した事があったからです。普段教室でおちゃらけている野球部の奴らがこんなにも真剣、直向きにプレーしている姿にとても感動したのを今でも覚えています。また、それはプロ野球でも同じで、大の大人が試合ではユニフォームを汚しながらガムシャラにプレーする姿にとても好感をもてるのでプロ野球を見るのも大好きです。
大人から子供まで楽しめる数少ないスポーツだなと思っています。因みに、広島出身なので好きな選手はカープの鈴木誠也選手です。",野球
"野球の魅力や醍醐味というのはやはり1回に何点でも点が取れるところで、大逆転が可能なところです。
その醍醐味や魅力が詰まったのが甲子園です。甲子園に出た選手で、好きな選手は清原和博選手です。
「甲子園は清原のためにあるのか」という名文句もありますが、今でもそのホームラン記録は破られていません。
その甲子園で忘れられないのが2006年の帝京対智辯和歌山戦です。まさに球史に残る試合でした。
8回終了時点で帝京４－８智辯和歌山。そして9回表に帝京が8点取り4点差をつけて逆転。
しかしその裏に智辯和歌山がさらに5点を取って逆転サヨナラ勝ちするという、見ていて大興奮の試合でした。
このように高校野球では時には信じられないような大逆転も起きます。まさに野球の醍醐味が詰まったのが甲子園と言えるでしょう。",野球
"私は大谷翔平選手が大好きです。大谷翔平選手は投手として早い球を投げられるので尊敬しています。さらにバッティングも上手くてセンスがあるので大好きです。一人で色んな活躍をする選手はプロの世界でも少なく大谷翔平選手から野球の面白さを学びました。私はそんな野球が大好きです。大きなホームランや普通の人では投げることの出来ない速球を見る事が出来るので野球は面白いです。
個性的な選手が集まり1つのチームとして勝利を目指して戦う姿がかっこよくて大好きなスポーツです。試合終了までお互いのチームが熱くぶつかり合う所が野球の魅力だと思います。",野球
"プレイすることは無く国内のチームにはあまり興味があるませんが、ワールドカップを観ることが大好きです。
日本人の野球選手が海外で活躍するところも良くニュースのスポーツコーナーで観るので私たち日本人にとって馴染みのスポーツなので応援しています。。
また日本人が得意とするスポーツでワールドカップでは常に優勝しており、強いことも好きな理由の一つです。
今まで、日本の選手には個性的な方々が多く、野球をプレイしたことがない私でも多くの選手の名前を覚えています。
特にイチロー選手が大好きです。
ストイックに練習をしている傍ら、毎日大好きなカレーを食べているところもギャップがあって魅力的です。
プレイできる年齢ギリギリまで活躍できる能力は素晴らしいと感じました。",野球
1回から9回までどうなるか分からないところが魅力です。観ているだけでこんなにもドキドキわくわくさせてくれるスポーツは他にはありません。9回の2アウトから満塁ホームランを打ったりする展開もあり得るので、例え0-7で試合が進んでいたりしてもそこから逆転ということもあるので応援しているチームが勝っていても負けていても最後まで目が離せません。ピッチャー配分で、中継ぎを次誰を出してくるかということを予測するのも楽しいです。「えっ！？この人？大丈夫？」という人が意外に活躍してくれたり、その逆だったり、前に投げるピッチャーの力量によっても中継ぎのやり易さやりにくさが変わるのだろうなということを読むのも面白いです。好きな選手はやはり「田中将大」です。まさか戻ってくるとは思わず、今後の活躍が楽しみです。,野球
サッカーや他の球技は、ちょっと目を離すとすぐに1点が入ってしまったり、眼を離せない分のんびり見ることができないけれど、野球はお弁当を食べながらでものんびり見ていられるので、野球にさほど興味がない人でも球場に行って見に行くのが楽しい。また、プロチームの歴史が長いので、世代が違う人とでも野球が好きだということで話題がもりあがることが多いのが良い。また、時間制限がないのでいつまでに終わるという決まりがない分、作戦なども練りやすいし、最後で試合の流れがガラッと変わることもあるので、逆転劇が面白いところが好きです。,野球
"高校まで野球をしていました。

主にセンターを任されていましたが、バッターが打った球、それを必死で追いかけキャッチする。
それを全力でキャッチャーめがけて投げ、タッチアップした走者をアウトにする。あの瞬間がとてつもなく好きでした。
憧れのイチロー選手、彼のライトからのレーザービームのような球は投げれなかった。
フライした玉をグローブで「パシッ」っとキャッチする、あの音の気持ちよさたるや。野球をやめた今でも
あの音は心地よく響いています。

野球は団体競技でありながら、ピッチャーがバッターに投げるあの瞬間だけは個人対個人の対決です。
打たれたとしても仲間がカバーする、それはチームだということです。
センターからバックホームに投げる、それを仲間が中継して繋いでくれる、そして走者をさす。
美しいチームプレイでしょう。",野球
私は野球というスポーツが大好きです。特にプロ野球の試合を観戦することにはまっていて、暇さえあればネット生中継で試合を観ています。特に好きな選手は柳田悠岐選手です。野球を好きになった理由は、小学生の頃、親がテレビでプロ野球中継を毎日のように観ていて、それにつられて興味を持っていった、という感じです。実際に、興味を持つだけで飽き足らず、少年野球チームに入り自分でプレーもしました。高校の部活まで野球をプレイしましたが、その経験から言える野球のスポーツとしての魅力ですが、ずばりそれは、ドラマティックな試合展開が多い、という部分だと思います。試合の終盤で、一本のホームランや一つのエラーなどから試合展開が劇的に変わって行くことがよくありますが、あのスリリングな雰囲気は野球ならではのものだと思います。,野球
野球の好きなところは、努力をすれば成績を残せて成長ができることです。野球を長く続けていれば、コントロールが良くなりさらに球のスピードも上がるので、成長を実感することができます。他のスポーツよりも繊細になっており、想像以上に細かいスポーツなため努力をすればするほど野球が上手くなっている実感をかんじることができます。また大リーグで活躍している大谷選手などのような走攻守備えた選手も見ているだけでカッコ良く、とても憧れるヒーローのような存在もいるなどワクワクすることがいっぱいなのが野球だと思っています。,野球
"■野球の好きなところ
自分でもやっていましたが、高校野球やプロ野球は自分たちの野球と一味違い、プレイの正確性や迫力が凄くて好きです。
■野球のここが好き
豪快なホームランや、華麗な守備テクニック、チーム同士の駆け引き、ゲームの流れなどたくさん好きな所があります。
■野球の魅力
プロになれば多額の年俸も魅力だと思います。自分は無理でも、自分の子供や友人の子供にも夢を託せる。
だれでも夢を見れて決して絶対に叶わない夢ではなく追いかけることのできるところも魅力だと思います。
■好きな選手
イチロー、大谷、田中マー君、松井秀喜、坂本、古田、長嶋、王、新庄、落合、清原、桑田、江川、原辰徳などたくさんいます。",野球
バッターが相手のピッチャーからヒットを打つところです。以前、苦手としていたピッチャーを打ち負かすところです。10勝以上経験している投手でもなんとか崩してやろうと戦う姿勢が良いです。相手の投手もこの球を打たれたら仕方がないとニヤリとするところも良いです。逆にこの球は誰にも撃たせないという魔球を持つ投手も良いです。ボールを打って始まるゲームですから、打たないと，点を取らないと始まりません。投手は打たせない、バッターは打ってやろうとする駆け引きがたまりません。ホームランは最高にスカッとします。2ストライク、3ボールと追い込まれて勝つのは投手なのか、打者なのかその瞬間です。,野球
他のスポーツでも企業や財団が協賛していたり、土地名がついていて地域で応援することができるが、それでも大きなドームを所有していて、優勝すれば地元のスーパーまでもが安売りしたりして、関係ない人も巻き込んでみんなでお祭り騒ぎになれるところが好きです。また、スポーツ用品を選ぶにも楽しめる要素が多いと思います。サッカーやバスケットボールはボールとシュートできるゴールがあればすぐにできますが、野球はバットもボールもグローブも必要だし、それぞれ購入するにも選ぶ楽しみが多いように思います。試合内容以外の楽しみも多いのが好きです。,野球
"私は野球が好きで、プロ野球のシーズンが始まれば応援しているチームの試合はほぼ全試合見ています。
私が野球を好きな理由であり一番面白さを感じているのは、時間制限がなく最後のアウトを取るまで試合は終わないので、点差が離れていても逆転の可能性があり、どのような展開になっても最後の最後までドキドキしながら見ていられるところです。打撃戦になったら派手な展開にワクワクできますし、ロースコアの投手戦なら打者とバッテリーの駆け引きがより顕著になるので、1球1球から目が離せなくなります。応援しているチームが大きく負けていても最後まで逆転を信じて応援できます。
私が注目している選手は阪神の梅野選手で、走攻守のバランスがよくリーダーシップもある素晴らしい選手なので、今後日本代表としても活躍してくれると思っています。",野球
"野球が好きな理由は観戦していて少しも飽きず、選手たちのプレイに一喜一憂できるからです。

ピッチャーがどんな球を投げるのかがまずみどころですし、投げたボールに対してバッターがどう打つのかもおもしろい点です。また打球が飛んだ後守備についている選手がいどう処理するのかなど、1つ1つのプレイをつぶさに楽しめるのが野球の醍醐味です。

私が好きなプロ野球選手は、読売ジャイアンツの坂本勇人選手です。インコースを上手にさばいて長打を放つバッティングセンスには惚れ惚れしますし、ショートの守備も一切の無駄がなく美しいので大好きです。これからもそのプレイに注目していきたい選手の1人です。",野球
野球は昔はまだテレビのゴールデンで巨人戦などの試合をよくやっていたし、地元の友達も好きでみんなとよくやっていたのでもちろん好きです。野球は練習すれば打つ方はそこまで上手になれなくても、守備に関しては練習する時間がものをいうようになり、個人的には誰でもある程度までは上達することができると思います。自分も打つ方は大したことがなかったけれども、守備はショートやセカンドなどをしていて、練習してある一定以上までは上手くなれたと思います。好きな選手はかつて西武ライオンズで活躍などして、元ソフトバンクホークス監督の秋山幸二さんで、走攻守そろって優れていて憧れていました。また、高校野球の甲子園を見るのもドラマがあり非常に好きです。,野球
野球は何といってもチームプレーであることが一番の魅力です。特に守備の際には、それぞれのポジションにおいて各プレーヤーがベストを尽くし、一致団結して勝利に向かって行く姿が魅力的です。贔屓にしているチームが順風満帆なゲーム運びをしている時は、それもそれで嬉しいですが、相手チームとシーソーゲームになっている時の興奮は、観客としてもアドレナリンが出まくって、たまらない刺激になります。個人的にずっと応援している選手は大谷翔平君です。類稀な才能に恵まれた、野球の神の申し子だと思っています。今後も本場アメリカで活躍し続けること間違いなしです。,野球
"小学生の時にリトルリーグに入って野球を始め、中学を卒業するまで野球にのめり込みました。進学した高校では、硬式野球が無く、甲子園を目指すという目標が消えました。
野球は仲間で行う競技。自然と上下関係や団体行動の大切さを学ぶことが出来ました。
自分は甲子園でプレイすることは出来ませんでしたが、春、夏の甲子園はチームに関係無く、熱く応援してしまいます。コロナ禍が収束したら、甲子園に足を運んで声援を送りたいですね。周りの人達と一体になって応援出来る日が楽しみです。
プロ野球ではアナハイムエンジェルスの大谷翔平選手の二刀流に期待しています。
子供達の野球人口が減っていますが、大谷選手が活躍することで、子供達が夢と希望を持って野球をしてもらえることを願っています。",野球
私は幼少時代に父親の影響で野球を観戦するようになり好きになりました。野球チップスのカードも収集してコレクションするのも楽しみの一つでした。また、野球が好きでしたので高校時代は野球部のマネージャーもやってみたりしました。野球の醍醐味は守備と攻撃が分かれている所にあり、1発逆転出来る所に面白さを感じております。さらに、投手と打者の駆け引きや、これは球場に行った時の楽しみ方の一つですが投球によって変わる守備位置なども見どころの一つだと思います。現在応援している選手は巨人の戸郷投手です。長身から投げるストレートや落差のあるフォークボール、また肩の強さなどが魅力です。まだまだ安定感はありませんが将来の巨人のエースになってくれると信じております。中々球場には観戦に行けませんがテレビの前で応援しています。,野球
"野球はチームで行う団体競技ではあるのですが、打者対投手との対戦でもあり、また野手の守りとかもそうだしと、個人プレイの見せ場がてんこ盛りです。
そして、ノーヒットノーランの試合の時などは特に、野手が必死で守って投手を盛り立てるところ、必ず絵になるようなファインプレイがひとつはあるのが泣かせます。
また、大スター選手をそろえて史上最強と言われたチームと、小粒でスター選手不在の勢いで勝ち進んだチームが対戦しても、史上最強が勝つとは限らないところも好きです。
映画より本物のゲームの方が筋書きもない素晴らしいドラマが見れる、これは野球の試合ならではだと思います。",野球
"野球の好きなところは、最終回が終わるまでどういう結果になるのかわからない、とてもドラマチックな展開になる場合があるからです。

たとえば最終回を迎えた時に5点以上差がついていたとしても、絶対に逆転できないわけではありません。野球はスリーアウトを取るまで終わりませんから、理論上は何点差がついていたとしても逆転可能です。実際にプロ野球でも、大量の点差を終盤で逆転した試合が幾度となくあります。また高校野球では、終盤での逆転劇が当たり前のように繰り広げられています。

大逆転でサヨナラ勝ちは野球の醍醐味ですから、一発ホームランの魅力がある西武ライオンズの山川穂高選手が好きです。

ゲームセットまでどうなるかわからないのが野球の魅力です。",野球
"私は、野球の一打席、一球ごとの緊張感と試合が終わるまでどちらが勝つかわからないスリルが好きです。
よく高校野球などで「一球入魂」という言葉を見かけますが、本当にそうだと思います。投手が放つ一球一球に込められた戦略や想い、それを迎え撃つ打者の気持ち。野球には見ているだけで心を熱くさせてくれます。
好きな選手は、現役選手では鳥谷敬選手、引退されてますが赤星憲弘さんが好きです。阪神タイガースのファンだった両親の影響が大きいですが、お二人とも野球選手としてだけでなく、慈善活動にも力を入れていて、人間としての魅力も溢れる方だと思っています。
今はなかなか試合を観戦しに行きづらいですが、また生で見に行ける日を楽しみにしています。",野球
野球の好きなところは、チームスポーツであり尚且つとても戦略性のあるスポーツなため大好きです。試合中には監督やコーチから細かい指示が送られ、送りバントや盗塁などによって試合の勝敗が左右するほど戦略性が重要になってくるためやりがいがあります。また個人の力だけでは試合に勝つことは難しく、チームで戦うスポーツなことも大好きな理由です。好きな選手の一人であるプロ野球・杉谷選手は、チーム内のムードメーカーであり野球も上手なことから大好きな選手です。野球だけではなくチームを明るくさせていることはとても好感が持てます。,野球
"■野球の好きな所
チームプレイでみんなで力を合わせて点を取ったり、守ったりするところが好きです。絆が深まります。
■こういうところが好き
一人の力では勝てないけど、自分がダメでも勝てない。自分もチームも頑張ってはじめて勝つことができるところが好きです。
■野球の魅力
仲間意識ができるところや、頑張ればすこしずつ上手になっていくその過程も魅力だと思います。
ホームランを打った時の爽快感や守備ではど真ん中空振りストライクを取ったり、三振を取ったり、ゲッツーを取ったり
いろんな場面で魅力がたくさん詰まっているスポーツです。
■好きな選手
たくさんいますが、やはりイチロー選手、大谷選手、ダルビッシュ選手はすごいです。
僕らの世代は原辰徳さん、篠塚さん、掛布さん、バースさん、王さん、長嶋さんが好きです。",野球
"私は広島県出身で、ローカルの番組でもカープの応援番組がたくさんありますし、コンビニやショッピングモールやデパートでもグッズを打っていたりと地域が一体となって応援しているという文化です。
両親や友達も好きでしたし自然とテレビで見るようになり応援するようになっていました。
ルールを詳しく知らなくても、投手が投げて打者が打ち野手が守るという流れですが、知るとさらに楽しめます。
投手が1球投げると少し間ができます、そこで次はどこに投げるか、作戦はどうなるかなど予想しながら見ることができるところが好きです。
好きな選手はメジャーに行ってしまいましたが前田健太です。
投手がいいチームではなかった時代から若いころからエースとして孤軍奮闘していている姿が大好きでした。",野球
子供の頃から父親の影響で野球が好き。野球の一番の魅力は一球で試合の流れが大きく変わるドキドキ感や、試合の最後まで何があるかわからないところにあると思う。観戦する時も投手目線、打者目線、監督目線など、いろいろな視点で楽しむことができるのも野球の魅力。選手のプレーや試合の流れを見るだけでなく、個人成績から選手の特徴をつかんだり、スコアを付けながら観戦するなどしても面白い。野球独特の球場の雰囲気も好きで、観戦中に家族や友人と試合について語り合ったり、球場で売られている食べ物や飲み物を片手にゆっくり観戦できるのも野球の魅力。好きな選手は現役では坂本勇人や長野久義、引退した選手では松井秀喜や黒田博樹。,野球
高校生の時に、自分の学校の選手が出場する試合を観戦してから野球が好きです。スポーツ観戦はあまり好きではなかったのですが、野球は試合展開が早く最後まで大逆転の可能性があるところが楽しいです。ずっと目が離せない競技は疲れてしまいますが、野球は程よくリラックスしながら観れるが魅力的です。会場で観戦すると応援ソングや楽器のサウンドも楽しめて、応援しているチームが負けてしまっても暗い気持ちにならず楽しかったと思えます。好きな選手は大谷翔平選手です。真面目なのにユーモアがあり、野球にストイックなところが好きなポイントです。,野球
"野球の好きなところは毎回いろんなドラマが見れるところが好きです。
特に野球の場合は他の球技とは違って素早い移動でボールを渡すゲームではなくピッチャーとバッターの真剣勝負という感じがするのが良いです。

そこには単なる技術だけでなく駆け引きもあってその駆け引きに負けたら勝負に負ける要素があるのがどういう展開になるか分からないハラハラ感があって好きです。
また、他の球技は素早い動きがものを言う感じがありますが野球はそうとは言えず肥満気味な選手でも活躍できるのも他にはない魅力だと思います。

そういう事もあって他の球技では見れない現象が見れるのが野球の好きなところです。
あまり見た目は良くない選手も活躍できる野球はかなり好きです。",野球
小さい頃から父親とテレビで野球を見たり、家族で球場に野球観戦に行くなど、私にとって野球とは生活に身近なものでした。野球というのは団体競技なのですがピッチャーとバッターの1対1の対決という側面もあり、団体競技と個人競技のどちらの面も楽しめるというのが私にとって大きな魅力です。小学生になると学校のチームに所属して野球を始め、高校3年生まで12年間野球を続けましたが、毎日新しい発見があって飽きることはありませんでしたし、礼儀など現在の生活にもつながるたくさんのことを野球を通じて学びました。最近ではメジャーで二刀流に挑戦している大谷翔平選手が好きで応援しています。,野球
"昭和生まれのため、小さいころから友達と遊ぶ一番の手段が野球でした。そのため、一番なじみが深いスポーツで楽しい思い出が沢山あります。
また、テレビが一家に一台しかないのが当たり前の時代でしたので、夜のテレビ＝野球だったことも少なからず影響しています。
「ルールがそこまで難しくない」ということも親しみやすい理由の１つと考えます。「投げる」、「打つ」、「走る」、「守る」といった動きが親しみやすく、それでいてドラマティックな展開・手に汗握る展開が起こりやすいスポーツは他には無いのでしょうか。
プレイヤーとしても観客としても楽しめるスポーツだからこそ好きになれたと思います。",野球
私は物心ついた頃より、ずっと野球中継を観てきました。高校野球の球児たちの気迫あふれる熱戦、にじみ出る感動。一球一球に投手と打者とに駆け引きがあり悲喜こもごも。一見単調なゲームにも見えますが、それぞれに対策やひねり出した作戦があることがわかると奥深く虜になります。そして、やはり野球の頂点をきわめるプロ野球。とくに私は家族共々巨人ファンであり毎試合テレビ観戦、年に数回は球場に足を運びます。選手一人一人にそれぞれ個性があり、長所・短所、好不調の波、じっくりみていると大変面白く夢中になります。個人的には坂本選手のファンです。はやチームの中でも中堅になり、まさに今が絶頂期です。試合に真剣に取り組む姿勢、軽い身のこなしが好きです。今年こそ日本一奪還を願っています。,野球
"野球の好きなところは一杯ありますが、まずバットにボールが当たったときのあの感触がすごく快感を覚える点です。

私は軟式野球をやってますがバットに軟式ボールが当たったときは、なんかすごい気持ち良いのです。

あとは、守備をしていて自分のところにボールが飛んできてキャッチできたときもかなり快感だし気分が良いのです。

このあたりは野球をやったことがある人は同じように感じるのではないでしょうか。

好きな選手はいろいろいますが、特にですと今は引退しまあしたが、鹿取投手が好きでした。

同じサイドハンドスローでしかも鹿取投手の野球に対する考え方も好きだからです。",野球
"野球を子供のころから見ています。父親がジャイアンツファンであったために自分も一緒によくプロ野球を見ていました。
また高校野球も子供のころから欠かさず見ています。近所の野球場で試合をしていれば見たりもします。
好きな選手は過去には原辰徳選手、清原和博選手、松井秀喜選手、高橋由伸選手、現在では坂本勇人選手です。
やはり野球の醍醐味といえばホームランです。ボールが大きな放物線を描いてスタンドに入っていくのを見るのは快感です。
ホームランによって球場全体がどよめきや歓喜で揺れるような感覚になるのも好きです。
そして満塁ホームランでは一気に4点入って、何点差が付いていようと、1回の攻撃で大逆転が可能なのも野球の魅力のひとつです。",野球
私は野球というスポーツが大好きです。チームで協力をしながら勝つ為に全員が全力プレーする姿を見るのが好きだからです。プロ野球選手の中に田中将大選手という投手がいるのですが速い球を投げる事が出来てチームに貢献しているので魅力的な選手だと感じています。野球は9人が協力しないと勝つ事が出来ないスポーツだと思います。一人だけが野球の才能に溢れていても他がダメなら相手に点数を許してしまうことになります。バッティング、守備ともに全員が全力でプレーする事で勝利を勝ち取る事が出来る所が野球の最大の魅力だと私は考えています。,野球
"私は野球が好きです。
野球の面白いところは、最後まで試合がどうなるのかわからないという緊張感が面白いです。
好きな選手はミネソタ・ツインズの前田健太投手です。通称「マエケン」です。
野球選手でエースと呼ばれるのは主に投手です。
マエケンさんの笑顔は平和をイメージさせてくれます。
打者に向っていくのが投手です。
固くならないようにリラックスしている投手が活躍します。
野球選手はスポーツエリートが多いです。
マエケンさんも小学校・中学校とかなりスポーツができたことをYouTubeで語っていました。
野球は試合を見ていれば、自然にルールを覚えることができます。
難しく考えないで、とりあえずお気に入りの選手をチェックしていれば、楽しめると思います。",野球
野球の好きなところは日本の野球文化が世界的にもすごいと思っております。一番好きなのは高校野球なのですが、甲子園という世界に誇れる聖地があり、ピッチャーの投げすぎ問題とかはございますが、やはり全国でたった１校だけが負けないというトーナメント戦に毎年震えるくらい感動します。そこから繋がる世界に誇るスーパースターがいること。私の好きな選手はイチローさん。田中将大選手。2人とも甲子園経験者。イチローさんはそこは違いますが、オリックス下位指名から世界のプレイヤーになったところ、結果も素晴らしいですがプレーも好きなのですが、やはりお話されていることが人間的に素晴らしい。田中将大選手は甲子園のころから楽天優勝まで、ずっとスタープレイヤー。野球文化が私は好きなんだと思います。,野球
野球の好きなところは攻撃チームと守備チームの位置と動きが分かれているところです。サッカーのように1つのボールを敵味方入り乱れて追いかけるということが基本ないので、向こうから敵がやってきてボールを奪いに来るといったことでイラつかずに済みます。もう1つは打者とピッチャーの1球1球の対戦をじっくり見ていられることです。それと攻撃の間は自分が打者や走者でない限りは休むことができるし、守備にしてもバッターが打って初めて動くので、サッカーみたいにひたすら動き回らないでもいいのでプレーしやすいし、見やすいのがいいです。,野球
城島に憧れ小学校から野球を始め、今でも草野球をやるくらい野球が好きです。また、プロ野球やメジャーリーグのシーズンはもちろんストーブリーグまでもが野球だと思っているくらい好きです。試合結果だけでなく、全球団のピッチャーとバッターの成績などの試合情報はもちろん毎日チェックしております。現代の野球は歴代と比べて進化しており、150キロ投げるピッチャーが多くなり、それに伴いバッターも普通に打てるようになってきていることや、打者に合わせた守備位置の変更など、身体能力と頭を使って考えるプレーが毎年増えてきている魅力のあるスポーツだと思います。,野球
"私が野球を好きなのは、プレー一つ一つに煌めきを感じるから。
特に感じるのは高校野球（春・夏の甲子園大会）ですね。
高校野球って負けたら終わりなので、両校とも負けられない！と必死です。
そのぶつかり合いに煌めきを感じるんですよね。
代打・代走・守備要員等の奥の手を各校隠し持っていたりしますし、みていて面白いです。
また高校生同士のプレイというのも面白さを増しています。
残酷ないい方ですけど、まけたら終わりというのは極度のプレッシャーになりますしミスを誘います。
これによって勝っている場面でも勝ちを意識して緊張し、エラー続出で敗退するなんて事も普通にあります。
またそんな厳しい状況を勝ち抜いてプロになった桑田真澄投手なんかが大好きです。",野球
ほかのスポーツに比べて、ゆっくりと鑑賞できるところです。いい意味で展開が遅いというか、ポップコーン片手に、映画を見るような感覚で楽しめるんですよね。ちなみに、テレビ観戦もいいですが、やっぱり球場に足を運んで生で観戦するのは臨場感が全く違いますね。打球の音とか、キャッチャーミットにボールが収まるときの乾いた音とか。どれも迫力満点で、いい刺激がもらえています。ほかにも、ファンの応援とか、逆にヤジとか。球場ならではの独特な空気感を楽しめるんですよね。そういうのも野球の魅力の一つだと言えるのではないでしょうか。好きな選手はやはり、大谷選手です。野球の常識を覆す、まさに規格外の選手です。こんなことを言うのもなんですが、大谷選手の出場した試合を見ていると、メジャーの選手が高校生くらいに見えてしまいます。,野球
私は実家が球場の隣駅にある事もあり、野球がすごく身近なスポーツでした。親の影響もあり、よく球場にも足を運び応援しています。野球の好きな所は一体感にあると思います。チームの一丸となって戦う姿はもちろんですが、球場の観客による応援声援まで含めて全てが一つになっている感覚が私にとって凄く心地良く元気を貰えます。その点では球場に足を運んでこそ、という部分が多いですがテレビ観戦とは全然違う見え方になるので断然オススメです。今は巨人の坂本選手を応援しています。怪我も少なく若いうちからチームの柱となって、プレッシャーにも負けず頑張っている姿は私の原動力になっています。今後の更なる活躍を祈っています。,野球
野球は少年野球から高校野球、プロ野球と日本人には非常に馴染み深いスポーツです。サッカーに比べるとルールは複雑ですが、それだけに一度マスターできるとその奥の深さに魅了されることになります。私が好きなところは、バッターとピッチャーの勝負の駆け引きのところです。野球の場合は解説者も洗練されており、ピッチャーの配球の妙などを聞かされると表面だけではない野球の奥の深さを知って感じ入るものがあります。また、チームスポーツといえど個人のムーブや裁量が大きいために、プレイヤーひとりひとりの個性が際立ってスター性に目を引きつけられます。好きな選手は元ヤクルトスワローズの古田敦也捕手です。彼のユーティリティ能力と配球センスは抜群でした。,野球
学生時代は小学生、中学生と自分でも野球をやっていて昔から好きなスポーツであった。一見するとボールを投げて打っているだけにも思えるがその中にも深い技術や難しさがあり、知れば知るほど奥が深いと感じて飽きる事がなく、ずっと楽しみ続けられている。よく言われる事ではあるが目に見えない流れというものがある。終盤になり、ある程度は勝敗が見えたと思っても何かのキッカケ一つで一気に逆転する。そういったものを目の当たりにすると癖になって抜け出せなくなる。そういった点から言えば、近年では流行語にもなった神ってる男、広島の鈴木誠也選手が好きです。,野球
